,lsoa,Latitude,Longitude,area,month,score_0,score_1
0,E01012628,53.65936,-2.4960299999999997,1524569.215,-1,6,4
1,E01004768,53.61541,-2.4534,627970.8397,-1,41,19
2,E01004803,53.63468,-2.43838,1661417.2,-1,27,26
3,E01004804,53.62624,-2.43681,1031784.921,-1,24,20
4,E01004807,53.6213,-2.42567,393866.7203,-1,25,10
5,E01004808,53.6196,-2.4337299999999997,697025.1158,-1,25,10
6,E01004788,53.61149,-2.3987,676727.6428,-1,19,13
7,E01004790,53.60531999999999,-2.40315,821146.5046,-1,67,85
8,E01004805,53.62096,-2.41206,711092.6128,-1,24,15
9,E01004806,53.61445,-2.41188,742912.6179,-1,37,50
10,E01004810,53.60635,-2.4125400000000004,995760.5969,-1,30,21
11,E01004769,53.61066999999999,-2.4258900000000003,576293.1145,-1,36,32
12,E01004770,53.60621999999999,-2.4217400000000002,808107.6667,-1,22,22
13,E01004771,53.61081,-2.43455,252031.7436,-1,44,55
14,E01004773,53.60553,-2.43067,428045.34,-1,71,64
15,E01004809,53.61581999999999,-2.4227,572248.441,-1,73,85
16,E01004777,53.59788,-2.55286,366957.5917,-1,67,74
17,E01004881,53.601459999999996,-2.5502599999999997,245099.0525,-1,109,92
18,E01004888,53.60569,-2.5417400000000003,348569.3321,-1,33,21
19,E01004889,53.60484,-2.54846,198635.4821,-1,64,59
20,E01004890,53.600019999999994,-2.54358,176796.5549,-1,115,187
21,E01004766,53.59964,-2.43954,507738.5161,-1,74,120
22,E01004767,53.59927,-2.42647,884155.0936,-1,102,137
23,E01004772,53.60579,-2.44373,537599.9495,-1,86,78
24,E01004774,53.60304,-2.4389,452446.7476,-1,58,48
25,E01004824,53.593990000000005,-2.42789,1342964.115,-1,48,69
26,E01004785,53.592009999999995,-2.38432,909305.9929,-1,67,70
27,E01004786,53.59916,-2.39874,1514536.29,-1,35,72
28,E01004789,53.61561,-2.38365,827143.8182,-1,39,14
29,E01004791,53.60341999999999,-2.38781,757055.2546,-1,16,27
30,E01004792,53.59777,-2.3786,435743.1692,-1,30,8
31,E01004779,53.59564,-2.55851,482490.1375,-1,52,31
32,E01004781,53.586819999999996,-2.54403,827406.2861,-1,144,247
33,E01004882,53.59645,-2.54331,178111.0299,-1,65,73
34,E01004883,53.593869999999995,-2.53562,147937.0127,-1,62,57
35,E01004884,53.60689,-2.51839,335059.7232,-1,51,30
36,E01004864,53.59611999999999,-2.44958,718956.3763,-1,66,93
37,E01004867,53.5909,-2.44806,708735.6694,-1,61,46
38,E01004921,53.59045,-2.45958,301252.5385,-1,45,58
39,E01004924,53.61091,-2.48422,354389.0592,-1,58,44
40,E01004925,53.59316,-2.45547,620891.6165,-1,36,20
41,E01004778,53.596169999999994,-2.5870900000000003,598770.2584,-1,26,20
42,E01004780,53.60375,-2.59835,2358032.825,-1,71,62
43,E01004782,53.59055,-2.58582,323319.1918,-1,44,29
44,E01004783,53.58192,-2.57335,724717.2166,-1,41,31
45,E01004802,53.59972,-2.41571,958528.6804,-1,105,130
46,E01004926,53.5919,-2.40748,524882.9605,-1,91,82
47,E01004927,53.59016999999999,-2.41761,307201.9464,-1,226,324
48,E01004929,53.594669999999994,-2.41072,491917.4853,-1,157,171
49,E01004820,53.59024,-2.4357,1701640.755,-1,154,173
50,E01004825,53.59395,-2.43466,3951028.418,-1,145,159
51,E01004826,53.59304,-2.44014,665273.9572,-1,120,93
52,E01004865,53.5953,-2.44404,377596.1924,-1,71,72
53,E01004866,53.58775,-2.44263,546478.5389,-1,160,197
54,E01004840,53.59315,-2.48938,678892.8221,-1,83,124
55,E01004841,53.59469,-2.47338,1732902.624,-1,153,165
56,E01004842,53.58565,-2.47168,526403.8289,-1,31,16
57,E01004919,53.59121999999999,-2.46656,275438.833,-1,40,57
58,E01004920,53.589209999999994,-2.47626,223335.8173,-1,71,65
59,E01004787,53.58956,-2.38611,8797903.455,-1,176,119
60,E01004793,53.5865,-2.38945,450033.7374,-1,158,140
61,E01004794,53.59109,-2.39679,629385.5177,-1,137,102
62,E01004795,53.583830000000006,-2.38119,1301017.101,-1,118,125
63,E01004797,53.583709999999996,-2.3950400000000003,1431010.17,-1,121,104
64,E01004775,53.57216,-2.5304,421383.2461,-1,90,69
65,E01004885,53.5898,-2.51009,289559.169,-1,38,32
66,E01004886,53.58856,-2.52825,271367.9722,-1,76,57
67,E01004887,53.59044,-2.52172,217960.6589,-1,43,38
68,E01004868,53.581619999999994,-2.45355,1034600.385,-1,91,113
69,E01004869,53.58603000000001,-2.45043,767236.72,-1,183,321
70,E01004870,53.5812,-2.4482,446882.4914,-1,206,176
71,E01004871,53.57636,-2.4489799999999997,903604.0353,-1,99,85
72,E01004922,53.587230000000005,-2.45721,520444.3061,-1,125,72
73,E01004822,53.58939,-2.4304,795296.1045,-1,108,148
74,E01004823,53.58328,-2.43712,1221408.5459999999,-1,257,237
75,E01004848,53.571459999999995,-2.4302599999999996,593785.2634,-1,608,793
76,E01004818,53.57753,-2.41598,620036.1222,-1,121,109
77,E01004819,53.573,-2.40942,11727838.55,-1,41,41
78,E01004928,53.58809,-2.40931,300158.1546,-1,131,170
79,E01004930,53.58726,-2.40267,257493.7196,-1,35,17
80,E01004931,53.58231,-2.40673,328432.9137,-1,74,88
81,E01004932,53.57819,-2.40688,415085.2233,-1,93,129
82,E01004834,53.56795,-2.45837,1043731.262,-1,84,105
83,E01004838,53.57134,-2.4598400000000002,528597.3419,-1,101,141
84,E01004843,53.58336,-2.46754,438470.9077,-1,29,17
85,E01004845,53.578869999999995,-2.46323,561827.0082,-1,52,29
86,E01004923,53.58223,-2.45788,300538.8392,-1,49,37
87,E01004796,53.57872,-2.39397,2071149.708,-1,118,142
88,E01004798,53.57642,-2.38404,918076.4312,-1,88,101
89,E01004799,53.576640000000005,-2.37934,1201133.99,-1,30,42
90,E01004800,53.573530000000005,-2.37672,287544.128,-1,17,13
91,E01004801,53.573769999999996,-2.3956,484693.0863,-1,235,246
92,E01004917,53.56685,-2.3908400000000003,168540.1789,-1,124,164
93,E01004835,53.5676,-2.4786799999999998,471189.9048,-1,50,48
94,E01004836,53.56881,-2.47107,355712.5349,-1,46,44
95,E01004837,53.576919999999994,-2.47703,329732.1233,-1,45,16
96,E01004844,53.57765,-2.49451,490846.5693,-1,24,18
97,E01004897,53.56925,-2.4875599999999998,392165.8867,-1,19,32
98,E01004827,53.56803000000001,-2.45436,828205.4111,-1,114,200
99,E01004849,53.57369,-2.44151,432811.5179,-1,73,107
100,E01004850,53.571509999999996,-2.4489400000000003,396060.1647,-1,130,148
101,E01004851,53.57018000000001,-2.44218,338923.2045,-1,98,131
102,E01004853,53.56808,-2.44657,982694.0028,-1,25,36
103,E01004811,53.56565,-2.42519,900350.3027,-1,133,176
104,E01004812,53.564969999999995,-2.4116299999999997,573909.434,-1,271,135
105,E01004813,53.56021,-2.42749,1003535.3890000001,-1,69,59
106,E01004815,53.56151,-2.42349,943162.6216,-1,68,103
107,E01004817,53.573069999999994,-2.41966,2083885.428,-1,835,888
108,E01004828,53.56586,-2.45317,653666.3414,-1,87,146
109,E01004829,53.56419,-2.44793,695361.7962,-1,83,112
110,E01004832,53.55988000000001,-2.4504,649170.5711,-1,85,137
111,E01004854,53.56471,-2.44297,302981.2238,-1,35,17
112,E01004878,53.5594,-2.44516,607588.9684,-1,69,48
113,E01004911,53.5636,-2.37393,279905.0913,-1,70,90
114,E01004912,53.560480000000005,-2.38237,499014.9084,-1,69,56
115,E01004913,53.564919999999994,-2.3660400000000004,214645.1584,-1,67,75
116,E01004914,53.559630000000006,-2.3595200000000003,1479606.632,-1,27,12
117,E01004915,53.5561,-2.37548,102260.5406,-1,26,20
118,E01004916,53.55755,-2.3660400000000004,263827.5449,-1,70,69
119,E01004918,53.56831999999999,-2.37208,916231.1329,-1,31,13
120,E01004846,53.5611,-2.43306,709897.5496,-1,55,63
121,E01004847,53.5628,-2.43738,619024.9148,-1,102,86
122,E01004852,53.56746999999999,-2.4377400000000002,308450.7037,-1,96,80
123,E01004877,53.55611,-2.43913,525611.4037,-1,117,98
124,E01004879,53.55817,-2.4330000000000003,626590.0039,-1,60,59
125,E01004830,53.561409999999995,-2.4542900000000003,655891.0755,-1,148,199
126,E01004831,53.557480000000005,-2.4630900000000002,739773.8116,-1,62,59
127,E01004833,53.543319999999994,-2.45352,664391.9695,-1,59,95
128,E01004839,53.56335,-2.4643900000000003,437878.5292,-1,149,218
129,E01004814,53.55964,-2.4012599999999997,450055.2973,-1,114,93
130,E01004855,53.55425,-2.3888,1043714.675,-1,104,83
131,E01004856,53.554219999999994,-2.41071,1175033.928,-1,124,119
132,E01004857,53.5537,-2.40036,438626.6341,-1,170,144
133,E01004891,53.5495,-2.5001900000000004,417589.7862,-1,26,20
134,E01004893,53.54445,-2.5086,424876.5489,-1,18,22
135,E01004894,53.55024,-2.51822,226429.5771,-1,105,102
136,E01004901,53.55437,-2.51439,514330.0873,-1,27,22
137,E01004816,53.558890000000005,-2.41785,984627.7121,-1,63,40
138,E01004872,53.54844,-2.41687,862025.2411,-1,88,114
139,E01004873,53.55234,-2.41813,677374.9463,-1,116,106
140,E01004875,53.550090000000004,-2.4292,1000546.2370000001,-1,165,104
141,E01004880,53.55461999999999,-2.42425,438604.1918,-1,92,77
142,E01004892,53.54365,-2.4836,207506.6719,-1,35,23
143,E01004896,53.536609999999996,-2.47178,776942.598,-1,61,35
144,E01004899,53.55741,-2.47968,1173926.648,-1,75,74
145,E01004900,53.55923000000001,-2.46823,856107.9416,-1,68,29
146,E01004776,53.558130000000006,-2.54311,288965.4613,-1,80,55
147,E01004895,53.541740000000004,-2.5161599999999997,323973.8114,-1,35,38
148,E01004936,53.55016,-2.52771,369081.9433,-1,83,99
149,E01004938,53.54435,-2.52385,396782.1335,-1,84,76
150,E01004939,53.54529,-2.53417,343810.7734,-1,89,73
151,E01004858,53.5497,-2.4076,667342.6268,-1,133,96
152,E01004859,53.54855,-2.39456,413113.6114,-1,312,489
153,E01004860,53.54600000000001,-2.40258,569920.5612,-1,108,108
154,E01004902,53.542159999999996,-2.396,639018.4921,-1,135,172
155,E01004906,53.54622,-2.3854900000000003,323759.7774,-1,99,109
156,E01004861,53.54274,-2.41589,619763.2415,-1,129,140
157,E01004862,53.54476999999999,-2.40942,588595.2421,-1,95,78
158,E01004863,53.540409999999994,-2.40503,1528792.343,-1,106,97
159,E01004874,53.54549,-2.43412,628732.6,-1,62,65
160,E01004876,53.54393,-2.42638,951950.6729,-1,93,140
161,E01004903,53.54173,-2.36937,356740.6762,-1,33,12
162,E01004904,53.54095,-2.35257,1529452.218,-1,56,66
163,E01004905,53.54271,-2.37948,1132230.179,-1,59,79
164,E01004907,53.53682,-2.3839799999999998,239085.9358,-1,64,63
165,E01004908,53.53325,-2.3710400000000003,327328.5648,-1,30,33
166,E01004909,53.53751,-2.3761,268894.5162,-1,63,53
167,E01004910,53.548759999999994,-2.369,407598.08700000006,-1,51,47
168,E01004933,53.53079,-2.52347,393452.6948,-1,23,16
169,E01004934,53.53143000000001,-2.53392,475592.7596,-1,35,33
170,E01004935,53.53657,-2.51686,242094.9112,-1,37,28
171,E01004937,53.54067,-2.5461,323948.6824,-1,19,15
172,E01004940,53.53895,-2.52373,253361.4808,-1,43,24
173,E01005014,53.650209999999994,-2.3172099999999998,672511.7573,-1,80,117
174,E01005015,53.6562,-2.30412,388646.5155,-1,72,66
175,E01005016,53.647659999999995,-2.32171,930274.4478,-1,44,39
176,E01005017,53.64221,-2.31168,707953.5312,-1,36,30
177,E01005018,53.64374,-2.3281099999999997,989702.3767,-1,70,33
178,E01005021,53.647769999999994,-2.34876,595418.9337,-1,11,10
179,E01005019,53.63335,-2.32928,367195.2875,-1,37,31
180,E01005023,53.62689,-2.32545,1652012.415,-1,21,16
181,E01005046,53.624869999999994,-2.3319799999999997,255026.1894,-1,53,43
182,E01005048,53.62971999999999,-2.34289,333788.1031,-1,20,16
183,E01005020,53.63581,-2.32061,479258.7238,-1,10,4
184,E01005022,53.631769999999996,-2.30931,697020.6984,-1,44,51
185,E01005047,53.62084,-2.36028,255097.6689,-1,27,12
186,E01005049,53.61801,-2.3357799999999997,302075.8912,-1,37,59
187,E01005051,53.61125,-2.33534,2151529.281,-1,56,44
188,E01004976,53.6096,-2.29638,211198.7144,-1,81,58
189,E01004977,53.60995,-2.2879,128237.0643,-1,164,52
190,E01004978,53.60491,-2.2945599999999997,661271.8648,-1,77,71
191,E01004981,53.62356,-2.29858,314131.562,-1,37,62
192,E01004982,53.618030000000005,-2.28871,553747.6607,-1,43,29
193,E01004961,53.601409999999994,-2.30673,321498.5576,-1,88,61
194,E01004966,53.61028,-2.3205299999999998,264768.3999,-1,87,65
195,E01004967,53.60579,-2.30517,583545.1474,-1,10,12
196,E01004963,53.600530000000006,-2.32649,219962.1312,-1,33,29
197,E01004968,53.60481,-2.31925,386698.6807,-1,39,59
198,E01005050,53.60729,-2.33107,281066.6343,-1,32,27
199,E01005052,53.60839,-2.34157,561008.5391,-1,26,19
200,E01005053,53.60131,-2.33943,547769.8284,-1,74,50
201,E01004954,53.60253,-2.25864,357541.8589,-1,196,129
202,E01004955,53.599869999999996,-2.26701,494801.1626,-1,128,117
203,E01004956,53.60828000000001,-2.2779599999999998,1351334.4530000002,-1,134,144
204,E01004957,53.594319999999996,-2.26836,460874.9955,-1,141,154
205,E01004960,53.60171999999999,-2.2753200000000002,492113.4177,-1,177,137
206,E01004958,53.59636,-2.28247,323753.5252,-1,162,145
207,E01004959,53.59333,-2.2805299999999997,389708.8411,-1,135,110
208,E01004979,53.59881,-2.29746,265540.4705,-1,181,343
209,E01004980,53.59989,-2.2892799999999998,235025.38199999998,-1,159,164
210,E01005024,53.5948,-2.29231,817663.0403,-1,500,861
211,E01005026,53.5891,-2.2852900000000003,3812831.0960000004,-1,65,71
212,E01004947,53.59325,-2.3162,133227.8179,-1,83,122
213,E01004948,53.587559999999996,-2.31565,400216.657,-1,218,157
214,E01004962,53.60055,-2.31853,402646.0702,-1,76,63
215,E01004964,53.59881,-2.3115,265028.343,-1,101,112
216,E01004949,53.592290000000006,-2.3313,756752.1775,-1,21,18
217,E01004950,53.59709,-2.34863,247394.6407,-1,19,34
218,E01004951,53.586490000000005,-2.3267599999999997,244241.0924,-1,19,16
219,E01004952,53.586819999999996,-2.33459,434867.1908,-1,15,12
220,E01004953,53.592859999999995,-2.32309,218585.6963,-1,20,32
221,E01005025,53.58464,-2.3054200000000002,1129296.563,-1,104,91
222,E01005027,53.58954,-2.30015,1461496.314,-1,440,452
223,E01005028,53.585190000000004,-2.28744,791659.7169,-1,116,72
224,E01005029,53.584880000000005,-2.29256,634396.9837,-1,69,70
225,E01005000,53.57427,-2.36306,215989.6798,-1,41,33
226,E01005001,53.569919999999996,-2.36476,302318.1267,-1,23,9
227,E01005005,53.58679,-2.3618799999999998,274356.934,-1,57,40
228,E01005006,53.584540000000004,-2.34425,297156.2893,-1,75,52
229,E01005030,53.57877,-2.30558,1224342.473,-1,109,59
230,E01005054,53.57505,-2.27196,1315980.382,-1,69,90
231,E01005059,53.578559999999996,-2.29087,1259690.722,-1,84,94
232,E01005060,53.573609999999995,-2.296,973382.9796,-1,68,62
233,E01004997,53.566759999999995,-2.3326599999999997,182273.0009,-1,74,54
234,E01004998,53.5749,-2.34183,196315.8175,-1,56,48
235,E01004999,53.57564,-2.32627,352327.1091,-1,26,21
236,E01005002,53.569480000000006,-2.34611,266661.0999,-1,37,29
237,E01005003,53.56918,-2.33802,299811.4713,-1,40,24
238,E01004991,53.5764,-2.30918,90858.80317,-1,107,70
239,E01004992,53.56414,-2.31039,697874.8192,-1,98,66
240,E01004993,53.566959999999995,-2.30363,151410.6859,-1,57,57
241,E01004994,53.565259999999995,-2.32063,231369.3408,-1,123,77
242,E01004990,53.56269,-2.34362,246699.0338,-1,58,46
243,E01004996,53.56371,-2.33757,365749.2539,-1,106,95
244,E01005004,53.56725,-2.3447,246319.6378,-1,160,168
245,E01005008,53.56063,-2.33017,277187.398,-1,194,215
246,E01005009,53.5592,-2.32051,309774.7491,-1,185,142
247,E01004945,53.562459999999994,-2.25832,211988.5825,-1,26,33
248,E01005055,53.56296,-2.28812,605462.1958,-1,31,31
249,E01005056,53.561330000000005,-2.27884,306370.5017,-1,23,33
250,E01005057,53.56609,-2.2751900000000003,594447.8116,-1,70,47
251,E01005058,53.55825,-2.28379,705913.3624,-1,34,25
252,E01004995,53.56154,-2.35033,268817.4124,-1,32,23
253,E01005010,53.55218000000001,-2.3437200000000002,559349.7763,-1,84,43
254,E01005012,53.55001,-2.3132599999999996,235396.7596,-1,95,62
255,E01005013,53.552769999999995,-2.32294,269216.3463,-1,147,239
256,E01004984,53.54318000000001,-2.30653,326844.4806,-1,22,17
257,E01004985,53.539030000000004,-2.32442,237062.6098,-1,30,12
258,E01004989,53.55008,-2.30037,214828.4486,-1,82,132
259,E01005007,53.55968000000001,-2.29772,257808.2305,-1,29,27
260,E01005011,53.55379,-2.30658,295074.2106,-1,39,20
261,E01004983,53.54,-2.2926900000000003,215042.85199999998,-1,56,72
262,E01004986,53.5436,-2.29717,218685.1328,-1,98,97
263,E01004987,53.55666,-2.2911900000000003,177374.3728,-1,84,68
264,E01004988,53.552409999999995,-2.29032,211780.7113,-1,50,58
265,E01004941,53.549519999999994,-2.2669599999999996,428712.5303,-1,61,39
266,E01004942,53.54905,-2.28557,378935.4651,-1,90,80
267,E01004943,53.54447,-2.28315,210270.4417,-1,56,66
268,E01004944,53.54785,-2.2798,156738.8534,-1,39,22
269,E01004946,53.553380000000004,-2.2738099999999997,543731.8513,-1,85,78
270,E01004969,53.54909,-2.24725,1247011.6840000001,-1,48,62
271,E01004970,53.54314,-2.2690599999999996,549922.532,-1,24,18
272,E01004971,53.54139,-2.27888,209891.8896,-1,34,27
273,E01005034,53.53641,-2.2896900000000002,585764.3035,-1,53,164
274,E01004972,53.53839,-2.27573,348409.5974,-1,40,39
275,E01004973,53.536559999999994,-2.2707,556518.0272,-1,51,58
276,E01004975,53.53226,-2.27257,134754.3542,-1,74,61
277,E01005039,53.52741999999999,-2.2694900000000002,308061.3563,-1,42,67
278,E01005045,53.52819,-2.27588,281578.6761,-1,66,44
279,E01004974,53.53499,-2.27746,236653.4215,-1,52,44
280,E01005033,53.52036999999999,-2.27755,585500.2746,-1,53,52
281,E01005036,53.53001,-2.28298,2092128.11,-1,128,220
282,E01005037,53.52536,-2.28938,762888.5799,-1,41,39
283,E01005031,53.52131,-2.2935,861378.9806,-1,47,44
284,E01005032,53.5174,-2.29095,643664.6723,-1,95,87
285,E01005035,53.5297,-2.30327,542505.2822,-1,89,64
286,E01005038,53.52178000000001,-2.2856400000000003,520022.1849,-1,21,17
287,E01005040,53.52636,-2.2526200000000003,764026.1042,-1,72,60
288,E01005041,53.52301,-2.25867,323819.8945,-1,51,43
289,E01005042,53.52274,-2.27007,362045.7473,-1,100,108
290,E01005043,53.52081999999999,-2.2623599999999997,253086.329,-1,27,15
291,E01005044,53.51891,-2.2683400000000002,359066.0254,-1,64,59
292,E01018651,53.34458000000001,-2.25565,618944.5215,-1,0,7
293,E01024922,53.610569999999996,-2.67821,526783.4935,-1,1,0
294,E01005098,53.53637,-2.23447,438405.9882,-1,89,186
295,E01005099,53.537040000000005,-2.21287,325874.5835,-1,143,166
296,E01005100,53.53787,-2.22352,3458487.527,-1,70,67
297,E01005102,53.534130000000005,-2.23619,558358.1089999999,-1,51,55
298,E01005103,53.53006,-2.22872,344531.5221,-1,117,142
299,E01005101,53.530359999999995,-2.2189,329007.4532,-1,103,90
300,E01005135,53.53086999999999,-2.20703,489769.0814,-1,99,192
301,E01005136,53.526880000000006,-2.2134,1238568.548,-1,58,75
302,E01005138,53.52542,-2.2042599999999997,639480.318,-1,178,201
303,E01005140,53.52274,-2.2180299999999997,335983.6747,-1,183,190
304,E01005139,53.52864,-2.19804,316399.9615,-1,76,66
305,E01005141,53.52115,-2.19618,287395.0629,-1,114,183
306,E01005251,53.52394,-2.17217,476766.4676,-1,111,165
307,E01005252,53.52208,-2.18059,1928266.381,-1,138,165
308,E01005104,53.527480000000004,-2.23521,319912.6118,-1,87,107
309,E01005160,53.53389,-2.25265,494574.2966,-1,168,133
310,E01005161,53.522130000000004,-2.23788,528517.1525,-1,42,45
311,E01005162,53.52084,-2.25197,242790.8611,-1,39,51
312,E01005163,53.52007,-2.24213,371328.6642,-1,102,93
313,E01005247,53.51495,-2.16364,240985.6773,-1,33,40
314,E01005248,53.51234,-2.17464,334875.5923,-1,33,11
315,E01005249,53.51322,-2.18177,206959.1316,-1,115,132
316,E01005250,53.518919999999994,-2.17477,162035.591,-1,140,187
317,E01005253,53.51895,-2.1671400000000003,4960562.252,-1,114,91
318,E01005254,53.518409999999996,-2.1596900000000003,609515.7356,-1,91,69
319,E01005164,53.517619999999994,-2.22729,202687.1842,-1,158,90
320,E01005205,53.51376,-2.21251,292235.2875,-1,306,568
321,E01005206,53.51537,-2.21814,312171.0686,-1,93,108
322,E01005207,53.51651,-2.20738,300451.8775,-1,166,143
323,E01005223,53.51555,-2.19979,303382.2659,-1,109,141
324,E01005224,53.51118,-2.19978,292749.4601,-1,228,236
325,E01005225,53.51001,-2.1904,349581.3305,-1,155,181
326,E01005226,53.51388000000001,-2.19107,356721.7834,-1,170,168
327,E01005229,53.51701,-2.19082,538802.8879999999,-1,36,26
328,E01005145,53.507130000000004,-2.23903,348053.2844,-1,120,111
329,E01005146,53.507130000000004,-2.22828,371827.365,-1,100,132
330,E01005149,53.51054,-2.2389900000000003,297418.1618,-1,61,54
331,E01005165,53.516169999999995,-2.24571,264303.6338,-1,207,296
332,E01005166,53.51537,-2.23763,304478.0692,-1,101,129
333,E01005167,53.513000000000005,-2.23074,1167373.783,-1,332,238
334,E01005202,53.505140000000004,-2.2044,324682.4864,-1,522,549
335,E01005203,53.50643,-2.21829,349141.5597,-1,218,253
336,E01005227,53.50898000000001,-2.2047,243797.9334,-1,137,147
337,E01005228,53.50631,-2.1926,339116.38,-1,989,154
338,E01005256,53.502340000000004,-2.18432,389438.1031,-1,270,481
339,E01005257,53.494859999999996,-2.19678,210853.3017,-1,210,226
340,E01005258,53.499390000000005,-2.17139,263994.6042,-1,91,133
341,E01005259,53.498259999999995,-2.17708,144892.096,-1,137,206
342,E01005260,53.495059999999995,-2.16679,172155.5547,-1,31,37
343,E01005093,53.48582,-2.17198,715588.9359,-1,116,90
344,E01005094,53.481840000000005,-2.1741099999999998,469684.5639,-1,112,102
345,E01005097,53.48902,-2.1775700000000002,674608.2331,-1,76,74
346,E01005255,53.49332,-2.17662,899387.9090000001,-1,121,132
347,E01005261,53.49649,-2.1827900000000002,143162.6877,-1,133,200
348,E01005129,53.492509999999996,-2.21504,770382.6604,-1,125,128
349,E01005132,53.48907,-2.21113,596805.5719,-1,119,191
350,E01005133,53.485380000000006,-2.22115,884802.2654,-1,148,203
351,E01005092,53.48441999999999,-2.18301,1221487.3490000002,-1,158,162
352,E01005105,53.47645,-2.20253,1064281.585,-1,176,147
353,E01005106,53.47537,-2.18946,415844.581,-1,163,173
354,E01005107,53.48052,-2.18379,1373762.312,-1,138,120
355,E01005108,53.47356,-2.17136,1333516.7659999998,-1,289,291
356,E01005189,53.46454,-2.17456,512379.9433,-1,191,181
357,E01005190,53.466930000000005,-2.16892,519717.5368,-1,138,142
358,E01005061,53.47055,-2.20851,685953.3227,-1,156,133
359,E01005062,53.465619999999994,-2.2267900000000003,700740.9426,-1,618,408
360,E01005063,53.46508000000001,-2.2149900000000002,1100192.382,-1,153,112
361,E01005065,53.47081,-2.22275,838712.605,-1,255,211
362,E01005066,53.47115,-2.23315,1918649.301,-1,122,99
363,E01005208,53.46343,-2.24868,773315.0659,-1,233,283
364,E01005209,53.461380000000005,-2.23615,339855.4268,-1,315,178
365,E01005210,53.4663,-2.23997,358057.473,-1,158,140
366,E01005214,53.46533,-2.25488,363863.7695,-1,106,140
367,E01005067,53.467690000000005,-2.19583,550959.6181,-1,142,114
368,E01005186,53.46715,-2.1850099999999997,365510.4372,-1,183,177
369,E01005232,53.461999999999996,-2.19711,235260.8546,-1,181,209
370,E01005235,53.45929,-2.18818,317947.9771,-1,132,98
371,E01005239,53.46321,-2.20735,513645.2244,-1,176,148
372,E01005187,53.46804,-2.16008,509572.6707,-1,132,87
373,E01005188,53.466640000000005,-2.1552700000000002,575017.3841,-1,117,103
374,E01005191,53.4634,-2.1674900000000004,466049.9559,-1,145,97
375,E01005192,53.46041999999999,-2.15849,353800.2696,-1,129,134
376,E01005193,53.4557,-2.16106,1158264.8020000001,-1,102,95
377,E01005230,53.45819,-2.2082,264175.691,-1,154,94
378,E01005231,53.4579,-2.21518,377220.0372,-1,171,85
379,E01005236,53.45564,-2.20876,369962.665,-1,195,127
380,E01005237,53.45361,-2.20182,548510.231,-1,78,67
381,E01005195,53.45421999999999,-2.17795,424676.7395,-1,136,153
382,E01005196,53.452659999999995,-2.17042,296214.0566,-1,162,83
383,E01005197,53.4587,-2.17089,392049.4,-1,226,284
384,E01005198,53.4556,-2.18591,421848.5251,-1,81,77
385,E01005201,53.45981,-2.17962,389488.4363,-1,152,187
386,E01005240,53.45203000000001,-2.24647,1048992.021,-1,199,151
387,E01005243,53.45735,-2.25415,278475.1763,-1,178,126
388,E01005245,53.45695,-2.2453,293850.9072,-1,174,151
389,E01005246,53.45502,-2.24142,453522.0244,-1,96,83
390,E01005241,53.45036999999999,-2.23425,360670.8462,-1,145,85
391,E01005242,53.45353000000001,-2.2341599999999997,256499.642,-1,153,102
392,E01005244,53.4565,-2.23203,197525.9745,-1,242,183
393,E01005285,53.45372,-2.22832,207063.3486,-1,131,104
394,E01005288,53.453,-2.2254,704585.5267,-1,276,228
395,E01005280,53.44758,-2.20613,254578.4413,-1,135,72
396,E01005281,53.44866,-2.21444,190760.2857,-1,118,28
397,E01005284,53.456509999999994,-2.2216099999999996,303348.5283,-1,429,348
398,E01005286,53.45288000000001,-2.21663,248923.8701,-1,248,113
399,E01005287,53.4525,-2.20681,208376.7897,-1,115,60
400,E01005194,53.451080000000005,-2.19062,427144.1532,-1,172,128
401,E01005199,53.44829,-2.18662,269798.55600000004,-1,94,70
402,E01005200,53.44777,-2.17916,549527.8842,-1,237,153
403,E01005233,53.455169999999995,-2.19259,296781.5265,-1,109,78
404,E01005234,53.455,-2.1976400000000003,426851.9429,-1,148,139
405,E01005238,53.449980000000004,-2.19695,274357.712,-1,123,78
406,E01005297,53.447959999999995,-2.26045,838298.6438,-1,78,64
407,E01005298,53.449380000000005,-2.26828,1441963.0,-1,47,72
408,E01005302,53.4539,-2.26303,75168.51565,-1,93,112
409,E01005150,53.442809999999994,-2.27907,381997.9149,-1,165,258
410,E01005151,53.44331,-2.28831,509785.46200000006,-1,22,33
411,E01005152,53.4456,-2.28322,2019450.76,-1,40,22
412,E01005159,53.44914,-2.27975,269914.0349,-1,54,83
413,E01005296,53.447219999999994,-2.27386,1670524.083,-1,63,64
414,E01005299,53.44585,-2.26824,3069032.5919999997,-1,27,25
415,E01005178,53.44696999999999,-2.23926,311098.9807,-1,113,131
416,E01005179,53.44635,-2.25261,302653.6542,-1,107,81
417,E01005180,53.446769999999994,-2.2292799999999997,454274.8423,-1,151,71
418,E01005181,53.4424,-2.2511900000000002,429627.7378,-1,83,70
419,E01005182,53.44803,-2.244,290345.2543,-1,48,53
420,E01005183,53.442809999999994,-2.24019,360068.1287,-1,101,92
421,E01005219,53.44574,-2.1952599999999998,224899.54,-1,212,181
422,E01005220,53.44566999999999,-2.18457,660447.5362,-1,112,75
423,E01005221,53.44271,-2.19041,197518.5858,-1,171,153
424,E01005222,53.440740000000005,-2.1802099999999998,388039.2969,-1,110,112
425,E01005184,53.44634,-2.2216,407570.6636,-1,204,99
426,E01005185,53.442840000000004,-2.21825,424224.3621,-1,271,193
427,E01005271,53.439409999999995,-2.22368,209439.116,-1,230,180
428,E01005282,53.44461999999999,-2.2040900000000003,249904.1268,-1,92,56
429,E01005283,53.442719999999994,-2.21179,305410.5577,-1,105,51
430,E01005154,53.44016,-2.2743700000000002,373991.7683,-1,51,51
431,E01005156,53.437619999999995,-2.26781,336962.9533,-1,57,39
432,E01005158,53.43447,-2.27243,380168.7439,-1,89,153
433,E01005300,53.44145,-2.2610099999999997,254602.6873,-1,39,34
434,E01005301,53.442319999999995,-2.26727,422343.3445,-1,68,61
435,E01005118,53.434219999999996,-2.2050099999999997,611103.9281,-1,66,47
436,E01005120,53.43335,-2.19948,391236.2238,-1,118,83
437,E01005215,53.436609999999995,-2.18072,314309.1412,-1,82,87
438,E01005216,53.438109999999995,-2.19143,349719.6796,-1,114,58
439,E01005217,53.43784,-2.2004799999999998,222350.4378,-1,118,81
440,E01005218,53.44154,-2.2001,231625.3725,-1,84,75
441,E01005270,53.437169999999995,-2.2366599999999996,332775.4483,-1,91,71
442,E01005272,53.4346,-2.2456,229254.0124,-1,123,96
443,E01005273,53.436519999999994,-2.2292400000000003,331547.1091,-1,91,53
444,E01005278,53.43968,-2.23126,283535.808,-1,39,24
445,E01005279,53.438230000000004,-2.25026,460719.9547,-1,126,90
446,E01005305,53.432230000000004,-2.21541,145029.9747,-1,72,59
447,E01005309,53.4379,-2.21925,753877.2879,-1,132,75
448,E01005310,53.43943,-2.21054,104370.252,-1,123,42
449,E01005311,53.435930000000006,-2.21062,279038.7344,-1,115,65
450,E01005312,53.4372,-2.21557,224865.26,-1,178,98
451,E01005082,53.42819,-2.27595,351355.7709,-1,84,74
452,E01005153,53.43865,-2.28001,543482.6756,-1,61,44
453,E01005155,53.43835,-2.2885299999999997,349840.6874,-1,34,15
454,E01005157,53.43379,-2.28634,279688.5809,-1,28,26
455,E01005274,53.43326999999999,-2.2359,204964.53600000002,-1,144,123
456,E01005275,53.42978000000001,-2.23765,259009.2606,-1,79,25
457,E01005276,53.43074,-2.23274,448678.5514,-1,112,65
458,E01005277,53.42663,-2.23218,876520.4652,-1,88,56
459,E01005076,53.42548000000001,-2.23982,2850723.6980000003,-1,72,49
460,E01005081,53.433530000000005,-2.2591900000000003,314764.7807,-1,124,103
461,E01005083,53.4248,-2.2482,235783.2389,-1,73,57
462,E01005125,53.42227,-2.21464,332037.4524,-1,119,131
463,E01005304,53.43391999999999,-2.22372,125755.6267,-1,115,66
464,E01005306,53.4239,-2.22655,120235.7389,-1,62,53
465,E01005307,53.43001999999999,-2.2246599999999996,126300.9021,-1,88,39
466,E01005308,53.426019999999994,-2.22036,279057.005,-1,67,60
467,E01005119,53.42641,-2.2035299999999998,338230.8095,-1,99,89
468,E01005121,53.4293,-2.20807,332275.2814,-1,89,72
469,E01005122,53.431000000000004,-2.19602,512763.2433,-1,81,71
470,E01005123,53.42699,-2.2139900000000003,440048.8368,-1,126,83
471,E01005124,53.42264,-2.20792,320496.6298,-1,103,111
472,E01005077,53.420390000000005,-2.26388,490510.7813,-1,132,167
473,E01005078,53.418690000000005,-2.2478,989709.5293,-1,58,42
474,E01005079,53.42215,-2.25641,399923.1611,-1,121,85
475,E01005084,53.427319999999995,-2.26421,304069.6066,-1,78,60
476,E01005172,53.42116,-2.23639,276065.3356,-1,95,57
477,E01005173,53.41384,-2.2449,465632.3047,-1,60,23
478,E01005174,53.420030000000004,-2.22722,326345.3518,-1,46,33
479,E01005175,53.4176,-2.22234,442690.0206,-1,57,31
480,E01005176,53.41646,-2.2295700000000003,710249.1301,-1,158,226
481,E01005177,53.41469,-2.23542,359022.0084,-1,45,65
482,E01005115,53.40773000000001,-2.2894900000000002,391591.1818,-1,96,93
483,E01005262,53.41084,-2.29376,241256.0745,-1,80,85
484,E01005264,53.41141999999999,-2.27324,148358.8278,-1,98,99
485,E01005265,53.40926999999999,-2.27857,204431.8597,-1,99,115
486,E01005266,53.413180000000004,-2.28484,423640.0319,-1,93,106
487,E01005126,53.418169999999996,-2.21555,1350362.708,-1,84,80
488,E01005168,53.412890000000004,-2.2206,799186.0832,-1,76,88
489,E01005169,53.40948,-2.23045,394150.3119,-1,48,30
490,E01005170,53.40387,-2.23538,693167.0886,-1,46,22
491,E01005171,53.4064,-2.2202599999999997,271721.8071,-1,143,127
492,E01005263,53.40436999999999,-2.24805,300989.5003,-1,56,95
493,E01005267,53.414530000000006,-2.26745,536202.074,-1,103,132
494,E01005268,53.412459999999996,-2.2559299999999998,176417.5732,-1,90,76
495,E01005269,53.40211,-2.26363,360035.874,-1,61,80
496,E01005069,53.395630000000004,-2.30092,309235.1674,-1,31,25
497,E01005111,53.40735,-2.30599,484057.9247,-1,48,49
498,E01005113,53.40115,-2.30282,403540.6966,-1,111,113
499,E01005114,53.405409999999996,-2.311,599774.5542,-1,72,83
500,E01005116,53.40489,-2.29838,668378.1616,-1,74,111
501,E01005071,53.39611,-2.28678,287844.8661,-1,75,57
502,E01005072,53.3938,-2.28008,610238.3241,-1,65,112
503,E01005073,53.3939,-2.27402,1112925.5,-1,59,33
504,E01005112,53.40204,-2.27432,831975.8655,-1,92,62
505,E01005117,53.4025,-2.2863900000000004,386866.2095,-1,190,245
506,E01005085,53.39561,-2.26505,404871.5632,-1,97,64
507,E01005086,53.392680000000006,-2.25935,513284.7973,-1,103,100
508,E01005089,53.387319999999995,-2.25965,850878.9698,-1,165,162
509,E01005289,53.38709,-2.25204,479364.2499,-1,100,128
510,E01005295,53.394369999999995,-2.25142,180087.5,-1,126,91
511,E01005087,53.3907,-2.26627,320570.8355,-1,140,109
512,E01005088,53.387269999999994,-2.27133,393381.956,-1,85,72
513,E01005090,53.38259,-2.27103,752085.2972,-1,220,151
514,E01005091,53.383680000000005,-2.26254,674624.1624,-1,156,172
515,E01005291,53.38077,-2.2580400000000003,193018.5192,-1,195,383
516,E01005068,53.379259999999995,-2.28505,365052.8199,-1,63,40
517,E01005070,53.39121,-2.2907,3876400.752,-1,226,185
518,E01005074,53.38649,-2.2799400000000003,2050543.743,-1,126,119
519,E01005075,53.38515,-2.2921400000000003,446746.0583,-1,125,153
520,E01005319,53.37772,-2.27754,296996.6896,-1,82,76
521,E01005290,53.384919999999994,-2.24736,2920135.875,-1,78,74
522,E01005292,53.38018,-2.24598,156096.539,-1,77,64
523,E01005293,53.37754,-2.25515,1162053.758,-1,38,16
524,E01005294,53.374919999999996,-2.2455,1739890.717,-1,71,59
525,E01005317,53.36628,-2.2501599999999997,152495.1727,-1,128,176
526,E01005313,53.37653,-2.2634,355175.1818,-1,63,69
527,E01005314,53.37311,-2.26308,660897.968,-1,76,87
528,E01005315,53.372319999999995,-2.27095,216974.57,-1,100,84
529,E01005316,53.35859,-2.28444,92393.06586,-1,327,753
530,E01005318,53.36761,-2.26285,214133.0147,-1,89,109
531,E01005130,53.49155,-2.22296,510925.0822,-1,81,88
532,E01005128,53.4739,-2.23715,471935.9619,-1,496,262
533,E01005143,53.50365,-2.2375599999999998,561236.0931,-1,136,121
534,E01005212,53.46885,-2.2432,266217.1056,-1,329,176
535,E01005142,53.50853000000001,-2.24514,362871.6208,-1,197,163
536,E01005147,53.49961999999999,-2.24125,295848.6195,-1,308,303
537,E01005213,53.46829,-2.25639,257952.5116,-1,165,212
538,E01005358,53.58302,-2.1000400000000004,906025.4413,-1,82,69
539,E01005359,53.58695,-2.11442,1528359.716,-1,39,12
540,E01005360,53.579240000000006,-2.1181400000000004,797218.6776,-1,52,26
541,E01005441,53.58846,-2.08892,3815852.7430000002,-1,86,75
542,E01005442,53.58588,-2.08157,2764410.606,-1,18,16
543,E01005444,53.582119999999996,-2.09395,4891047.969,-1,50,33
544,E01005445,53.57881999999999,-2.09123,888320.135,-1,99,74
545,E01005361,53.57705,-2.10543,680817.8013,-1,43,37
546,E01005443,53.5847,-2.06985,6968910.791,-1,36,45
547,E01005446,53.57771999999999,-2.08485,622451.8896,-1,61,63
548,E01005447,53.57225,-2.0941400000000003,1172442.163,-1,264,327
549,E01005390,53.57001999999999,-2.1311,1370652.866,-1,47,49
550,E01005394,53.57892,-2.14126,2537574.292,-1,69,36
551,E01005395,53.57626,-2.12737,614332.3029,-1,26,20
552,E01005396,53.57314,-2.13708,12507864.21,-1,75,68
553,E01005355,53.57232,-2.1021900000000002,1128121.604,-1,58,61
554,E01005356,53.56908000000001,-2.10454,1159154.446,-1,50,42
555,E01005399,53.56599,-2.11099,3706642.147,-1,36,11
556,E01005403,53.571369999999995,-2.11757,958258.8113,-1,48,51
557,E01005410,53.5643,-1.9713900000000002,2192381.363,-1,29,18
558,E01005411,53.558240000000005,-2.00335,730517.6829,-1,34,27
559,E01005414,53.59066,-2.0205900000000003,694903.4888,-1,26,23
560,E01005415,53.57179,-2.02363,637559.24,-1,19,24
561,E01005452,53.56775,-2.06047,1450688.95,-1,31,23
562,E01005453,53.56071,-2.07112,2508615.34,-1,33,29
563,E01005391,53.565490000000004,-2.14206,687550.4213,-1,55,44
564,E01005392,53.564780000000006,-2.12535,594270.9628,-1,204,245
565,E01005393,53.56061999999999,-2.1337599999999997,1102946.2920000001,-1,84,115
566,E01005401,53.55712,-2.1294,1275102.759,-1,35,31
567,E01005397,53.560269999999996,-2.1029299999999997,2319397.163,-1,71,91
568,E01005398,53.560069999999996,-2.1185400000000003,3137863.11,-1,52,48
569,E01005400,53.56423,-2.116,2953707.187,-1,126,123
570,E01005402,53.55463,-2.11555,501350.5059,-1,50,36
571,E01005335,53.55246999999999,-2.1651,882224.2729,-1,63,34
572,E01005337,53.55223,-2.13544,15158039.5,-1,89,82
573,E01005339,53.55838000000001,-2.15637,1241607.9679999999,-1,31,45
574,E01005340,53.55245,-2.14308,843696.5265,-1,138,156
575,E01005421,53.55441,-2.08566,822642.6823,-1,172,141
576,E01005422,53.55565,-2.09401,1058606.9109999998,-1,86,114
577,E01005448,53.54563,-2.0853099999999998,2911551.091,-1,226,175
578,E01005449,53.5462,-2.07638,1535840.479,-1,111,76
579,E01005454,53.55372,-2.07455,6847650.802999999,-1,55,37
580,E01005455,53.554269999999995,-2.08162,7259383.35,-1,59,31
581,E01005456,53.54939,-2.0831,3807720.2260000003,-1,154,150
582,E01005407,53.54246,-2.02409,773265.7241,-1,39,22
583,E01005412,53.55396999999999,-2.01808,929337.1749,-1,58,42
584,E01005416,53.56012,-2.03743,4138042.4469999997,-1,34,39
585,E01005417,53.550290000000004,-2.05645,1587385.6830000002,-1,23,17
586,E01005348,53.550369999999994,-2.1161,851395.4658,-1,65,55
587,E01005350,53.545080000000006,-2.1180000000000003,16087728.32,-1,392,467
588,E01005432,53.548930000000006,-2.1032599999999997,749552.0519,-1,133,130
589,E01005433,53.54541999999999,-2.10843,741277.181,-1,354,381
590,E01005329,53.544180000000004,-2.1663900000000003,11105262.57,-1,15,8
591,E01005330,53.53694,-2.16578,1147768.438,-1,90,56
592,E01005333,53.54861,-2.16531,922558.5121,-1,22,8
593,E01005336,53.55287,-2.15547,21076381.32,-1,73,84
594,E01005349,53.54625,-2.12442,2122211.1859999998,-1,124,173
595,E01005351,53.548069999999996,-2.1306700000000003,1516969.5180000002,-1,114,116
596,E01005352,53.54383000000001,-2.1331,1129476.209,-1,75,100
597,E01005353,53.54124,-2.12728,1810116.0680000002,-1,200,263
598,E01005354,53.55263000000001,-2.1253599999999997,876352.8763,-1,209,236
599,E01005327,53.54303,-2.14974,1461508.2659999998,-1,123,106
600,E01005328,53.54152,-2.14019,1478842.685,-1,152,225
601,E01005331,53.53756,-2.1441,1254996.264,-1,85,65
602,E01005334,53.549380000000006,-2.15162,755266.9413,-1,18,15
603,E01005338,53.54776999999999,-2.14036,974608.4926,-1,160,443
604,E01005387,53.54896,-2.0665400000000003,692314.2312,-1,63,39
605,E01005388,53.54271,-2.07028,755255.6178,-1,33,37
606,E01005389,53.53323,-2.0665400000000003,1080183.3909999998,-1,162,200
607,E01005418,53.54381,-2.06243,2065736.051,-1,22,20
608,E01005428,53.5425,-2.09232,2420753.2169999997,-1,165,254
609,E01005431,53.53487,-2.085,778969.1136,-1,92,76
610,E01005450,53.54367,-2.08757,7105595.255,-1,158,157
611,E01005451,53.53999,-2.08109,2426456.933,-1,84,80
612,E01005408,53.53382,-2.0108,1066643.451,-1,31,67
613,E01005409,53.53037,-1.9587900000000003,814033.7396,-1,74,70
614,E01005406,53.536880000000004,-2.03974,527638.947,-1,21,19
615,E01005413,53.535059999999994,-2.05178,701610.8922,-1,38,26
616,E01005419,53.53832,-2.0643700000000003,2278168.669,-1,45,27
617,E01005420,53.54322,-2.05587,1701136.511,-1,36,51
618,E01005321,53.531369999999995,-2.09957,318807.3777,-1,138,153
619,E01005326,53.53624,-2.10397,691232.4381,-1,165,201
620,E01005427,53.539609999999996,-2.10122,1022588.431,-1,67,61
621,E01005429,53.53855,-2.0956200000000003,863484.3667,-1,75,77
622,E01005430,53.535680000000006,-2.09115,1395041.418,-1,134,132
623,E01005320,53.53004,-2.10698,153192.6069,-1,123,140
624,E01005434,53.536280000000005,-2.11266,843025.3585,-1,821,1154
625,E01005437,53.52871,-2.1172,695872.0383,-1,49,54
626,E01005459,53.5374,-2.1198599999999996,1674869.876,-1,134,157
627,E01005383,53.52953,-2.0849,897540.8842,-1,174,141
628,E01005386,53.5252,-2.07245,789541.2206,-1,129,142
629,E01005342,53.52626,-2.1397,7744490.476,-1,102,89
630,E01005343,53.5285,-2.14919,1725359.9619999998,-1,59,46
631,E01005344,53.52928000000001,-2.14288,4371422.981000001,-1,143,172
632,E01005381,53.52556,-2.13351,441475.2539,-1,146,150
633,E01005332,53.53269,-2.15028,1284378.382,-1,154,160
634,E01005341,53.52871999999999,-2.15389,17696874.16,-1,42,44
635,E01005345,53.52879,-2.16689,684064.3824,-1,36,28
636,E01005346,53.52392,-2.16069,1639918.085,-1,76,72
637,E01005347,53.5215,-2.1518900000000003,2483668.394,-1,65,64
638,E01005322,53.526469999999996,-2.10793,185088.5148,-1,112,144
639,E01005323,53.5202,-2.10648,1341014.485,-1,125,96
640,E01005324,53.5198,-2.09979,755899.2444,-1,77,83
641,E01005325,53.5246,-2.09895,757464.6835,-1,157,217
642,E01005438,53.52162,-2.11492,613832.2081,-1,184,180
643,E01005377,53.51661,-2.1248099999999996,680181.0133,-1,105,126
644,E01005379,53.518640000000005,-2.1293599999999997,687367.64,-1,75,83
645,E01005380,53.5115,-2.13092,1000761.895,-1,105,76
646,E01005382,53.52219,-2.12867,886997.5643,-1,160,299
647,E01005439,53.52231,-2.1204400000000003,725291.4202,-1,61,81
648,E01005362,53.51497,-2.1444900000000002,1483962.717,-1,55,38
649,E01005364,53.511109999999995,-2.1455,6976016.696,-1,35,23
650,E01005368,53.51475,-2.15207,893450.0233,-1,152,231
651,E01005376,53.520790000000005,-2.1417900000000003,674015.5979,-1,133,153
652,E01005378,53.516819999999996,-2.13617,2399909.538,-1,116,129
653,E01005363,53.51014,-2.15347,989990.5234,-1,97,141
654,E01005369,53.50946999999999,-2.169,2119830.684,-1,152,178
655,E01005370,53.50456,-2.17028,1014193.406,-1,100,146
656,E01005371,53.51034,-2.1603,2263515.6569999997,-1,79,104
657,E01005365,53.5047,-2.13147,1332122.219,-1,50,31
658,E01005366,53.50663,-2.14892,2794274.445,-1,54,76
659,E01005367,53.498819999999995,-2.14243,1797454.361,-1,46,45
660,E01005440,53.51194,-2.11301,1058886.2959999999,-1,121,93
661,E01005372,53.504830000000005,-2.1583799999999997,1235067.572,-1,96,154
662,E01005373,53.501630000000006,-2.15781,2281624.9669999997,-1,18,13
663,E01005374,53.501259999999995,-2.16425,539325.1425,-1,61,41
664,E01005375,53.496669999999995,-2.15798,2275287.481,-1,30,50
665,E01005435,53.53075,-2.11983,675006.5305,-1,132,120
666,E01005436,53.5267,-2.12364,4680592.319,-1,53,41
667,E01005460,53.533840000000005,-2.1388,1955997.542,-1,108,113
668,E01005461,53.53344,-2.1231,1085896.367,-1,48,80
669,E01005462,53.530069999999995,-2.1289599999999997,4544051.124,-1,40,48
670,E01005463,53.53164,-2.13518,1223322.308,-1,77,112
671,E01005518,53.66659,-2.08547,1494171.0769999998,-1,36,45
672,E01005520,53.65231,-2.0886,503294.8601,-1,60,48
673,E01005522,53.64509,-2.09728,745167.8457,-1,113,142
674,E01005523,53.6407,-2.1080900000000002,2060147.006,-1,50,64
675,E01005519,53.65105,-2.11218,978130.4775,-1,27,14
676,E01005594,53.65124,-2.14833,905582.918,-1,63,53
677,E01005597,53.66346,-2.1319999999999997,1400168.68,-1,51,39
678,E01005598,53.6435,-2.11135,784644.5206,-1,27,29
679,E01005516,53.633669999999995,-2.10842,1143075.761,-1,26,36
680,E01005517,53.63064,-2.10508,1018407.473,-1,54,39
681,E01005521,53.642230000000005,-2.06468,4435096.108,-1,38,28
682,E01005596,53.63225,-2.12258,833240.7897,-1,156,92
683,E01005578,53.63013,-2.13734,2483280.331,-1,91,70
684,E01005579,53.6245,-2.13219,1442080.006,-1,86,171
685,E01005586,53.63576,-2.13921,533671.3004,-1,134,157
686,E01005593,53.64042,-2.1255599999999997,1069329.701,-1,136,105
687,E01005595,53.63511,-2.13161,962921.9098,-1,87,70
688,E01005489,53.63683,-2.16026,1594640.166,-1,44,42
689,E01005490,53.63656999999999,-2.15006,796335.9336,-1,85,40
690,E01005491,53.63618,-2.16859,1278633.248,-1,57,46
691,E01005493,53.6299,-2.17441,1748343.9,-1,59,32
692,E01005494,53.62931999999999,-2.16437,621076.6421,-1,77,57
693,E01005495,53.629909999999995,-2.15258,786377.8022,-1,73,79
694,E01005488,53.63998,-2.19619,926411.6711,-1,24,32
695,E01005492,53.63564,-2.1815900000000004,940679.9194,-1,26,17
696,E01005499,53.619890000000005,-2.23908,9025602.252,-1,80,84
697,E01005571,53.634719999999994,-2.22972,3600677.808,-1,30,29
698,E01005570,53.6306,-2.2084200000000003,1702282.832,-1,31,33
699,E01005572,53.62469,-2.20527,2284499.871,-1,38,23
700,E01005573,53.62145,-2.21423,1000109.432,-1,20,10
701,E01005574,53.618159999999996,-2.20241,11854661.39,-1,73,49
702,E01005587,53.62669,-2.1967,610686.8577,-1,30,30
703,E01005588,53.62413000000001,-2.19049,550757.6189,-1,87,119
704,E01005580,53.625209999999996,-2.15078,343614.8722,-1,108,141
705,E01005581,53.62576,-2.1404799999999997,678680.2786,-1,110,108
706,E01005583,53.620490000000004,-2.1497,2470529.078,-1,111,130
707,E01005585,53.61735,-2.1410299999999998,832628.1058,-1,63,71
708,E01005496,53.62975,-2.1827400000000003,726088.5002,-1,85,82
709,E01005589,53.62302,-2.1764099999999997,294430.7646,-1,105,80
710,E01005590,53.616780000000006,-2.1732400000000003,383632.5828,-1,102,93
711,E01005591,53.62275,-2.1833299999999998,2253012.4590000003,-1,72,83
712,E01005592,53.61603,-2.18234,1125013.88,-1,118,118
713,E01005472,53.60767,-2.17414,637203.8604,-1,76,98
714,E01005473,53.60536999999999,-2.16751,290460.3079,-1,157,141
715,E01005482,53.61645,-2.15613,373768.5725,-1,953,1253
716,E01005483,53.620630000000006,-2.1649599999999998,802011.3408,-1,123,181
717,E01005484,53.61266,-2.16434,853247.5784,-1,401,425
718,E01005486,53.62396,-2.1587099999999997,516698.249,-1,142,157
719,E01005487,53.62304,-2.1680200000000003,1660808.946,-1,163,171
720,E01005474,53.605340000000005,-2.18879,1575108.619,-1,37,51
721,E01005575,53.609190000000005,-2.20803,1132030.959,-1,55,30
722,E01005576,53.612190000000005,-2.19892,941819.5955,-1,50,19
723,E01005577,53.61186,-2.1886799999999997,988576.8104,-1,39,40
724,E01005469,53.6024,-2.14284,311359.5383,-1,88,83
725,E01005563,53.60681999999999,-2.13885,575271.085,-1,157,175
726,E01005565,53.600669999999994,-2.13564,1112357.166,-1,108,104
727,E01005566,53.617830000000005,-2.12865,463248.2488,-1,118,248
728,E01005568,53.612080000000006,-2.14154,371050.8079,-1,196,205
729,E01005569,53.612159999999996,-2.13571,1156311.257,-1,166,227
730,E01005556,53.61009,-2.1132400000000002,823234.0736,-1,95,103
731,E01005559,53.61209,-2.1194900000000003,458864.4095,-1,81,61
732,E01005560,53.60065,-2.1132,511868.645,-1,34,44
733,E01005567,53.60651,-2.1263900000000002,15589920.51,-1,68,54
734,E01005555,53.62039,-2.10153,927527.2113,-1,33,29
735,E01005557,53.61153,-2.10142,765054.4767,-1,17,12
736,E01005558,53.60905,-2.1042099999999997,966309.0057,-1,83,76
737,E01005561,53.61026999999999,-2.06137,452799.1018,-1,65,106
738,E01005562,53.601440000000004,-2.0989400000000002,405337.0331,-1,64,71
739,E01005470,53.60671,-2.15485,430751.4414,-1,36,39
740,E01005471,53.60268000000001,-2.16283,372717.2319,-1,97,124
741,E01005475,53.60343,-2.1551400000000003,440112.2053,-1,104,95
742,E01005485,53.610130000000005,-2.15829,606506.478,-1,180,201
743,E01005564,53.60867,-2.14857,706529.0071,-1,139,197
744,E01005464,53.59896,-2.1571,6693456.472999999,-1,65,72
745,E01005465,53.597930000000005,-2.1440599999999996,1919051.0669999998,-1,66,116
746,E01005466,53.5945,-2.1564400000000004,418839.0181,-1,183,195
747,E01005467,53.58898000000001,-2.15116,420293.9463,-1,82,81
748,E01005468,53.59081,-2.13242,263573.4116,-1,51,20
749,E01005476,53.588119999999996,-2.18892,469892.542,-1,77,73
750,E01005477,53.59336,-2.17814,421046.7751,-1,120,162
751,E01005478,53.58664,-2.16633,655283.968,-1,68,62
752,E01005479,53.58051,-2.17424,493869.9648,-1,114,114
753,E01005480,53.600080000000005,-2.1764200000000002,298365.9993,-1,125,173
754,E01005481,53.59839,-2.18738,1091926.57,-1,68,76
755,E01005497,53.59779,-2.22697,1106541.064,-1,74,95
756,E01005501,53.59349,-2.2175599999999998,4027550.376,-1,228,319
757,E01005502,53.58879,-2.21624,1292372.631,-1,60,67
758,E01005504,53.58984,-2.22233,5892620.636,-1,144,159
759,E01005505,53.586859999999994,-2.23011,518284.5883,-1,93,109
760,E01005509,53.59211,-2.228,856126.5242,-1,111,205
761,E01005510,53.597640000000006,-2.2368200000000003,711889.6908,-1,14,10
762,E01005511,53.59545,-2.24841,590588.6361,-1,23,18
763,E01005512,53.59216,-2.23955,823414.7629,-1,43,55
764,E01005513,53.59045,-2.2452799999999997,998572.1919,-1,99,87
765,E01005514,53.58535,-2.26146,13854525.58,-1,108,145
766,E01005515,53.585119999999996,-2.24154,1827826.9540000001,-1,105,121
767,E01005498,53.6024,-2.21389,911260.2043,-1,49,37
768,E01005500,53.5978,-2.20096,22723681.7,-1,44,35
769,E01005503,53.58271,-2.2198599999999997,1798025.7880000002,-1,49,31
770,E01005506,53.58504,-2.21312,1581907.435,-1,70,69
771,E01005507,53.58619,-2.2037299999999997,449940.74,-1,103,88
772,E01005508,53.57479,-2.22277,679309.6249,-1,69,63
773,E01005524,53.55525,-2.19987,582167.1011,-1,24,41
774,E01005525,53.563790000000004,-2.19295,2094927.616,-1,89,79
775,E01005526,53.573069999999994,-2.1842200000000003,675229.1672,-1,89,72
776,E01005528,53.560159999999996,-2.19917,2100872.113,-1,81,78
777,E01005536,53.55834,-2.1892099999999997,1788151.621,-1,65,72
778,E01005543,53.56822,-2.16736,506621.7084,-1,86,64
779,E01005527,53.5615,-2.2097700000000002,654384.4341,-1,87,88
780,E01005529,53.556340000000006,-2.20665,546904.6101,-1,62,58
781,E01005551,53.560869999999994,-2.21454,1278570.831,-1,88,100
782,E01005552,53.554230000000004,-2.2236700000000003,596436.2394,-1,149,97
783,E01005553,53.554140000000004,-2.21279,685760.4933,-1,72,71
784,E01005554,53.56231999999999,-2.22534,828859.6862,-1,76,80
785,E01005534,53.54577,-2.17963,1072770.192,-1,52,26
786,E01005535,53.54254,-2.17678,526487.9517,-1,47,37
787,E01005537,53.557280000000006,-2.17597,817296.1204,-1,18,17
788,E01005538,53.556430000000006,-2.18445,586984.698,-1,60,77
789,E01005540,53.55234,-2.17823,1085008.399,-1,43,66
790,E01005541,53.55209,-2.18574,2486398.758,-1,62,65
791,E01005542,53.54818,-2.17563,910861.2573,-1,72,79
792,E01005533,53.54695,-2.1933599999999998,1323063.382,-1,62,96
793,E01005539,53.551919999999996,-2.1949799999999997,689718.0243,-1,268,380
794,E01005546,53.54671,-2.21827,1015806.167,-1,39,62
795,E01005547,53.54329,-2.22905,808213.3097,-1,89,70
796,E01005548,53.54951,-2.20771,830162.1246,-1,143,231
797,E01005530,53.54346999999999,-2.18878,612560.2654,-1,31,31
798,E01005531,53.5333,-2.18541,1091318.52,-1,37,18
799,E01005532,53.53889,-2.18194,1868046.3280000002,-1,86,90
800,E01005544,53.53475,-2.20109,530331.3839,-1,26,10
801,E01005545,53.53525,-2.19297,525305.4083,-1,41,34
802,E01005549,53.5409,-2.20317,722910.5552,-1,35,37
803,E01005550,53.539880000000004,-2.1926200000000002,408122.4347,-1,32,23
804,E01005659,53.53606,-2.4386200000000002,654300.3335,-1,126,89
805,E01005660,53.533530000000006,-2.42309,806939.0754,-1,166,182
806,E01005663,53.52616,-2.41761,600111.835,-1,58,71
807,E01005664,53.537659999999995,-2.42975,783637.5468,-1,126,91
808,E01005665,53.5383,-2.42003,1988294.967,-1,101,76
809,E01005703,53.533519999999996,-2.41304,2163151.52,-1,89,80
810,E01005704,53.53041999999999,-2.41891,2423387.535,-1,100,100
811,E01005706,53.52916,-2.41069,1947800.8769999999,-1,109,67
812,E01005708,53.52692,-2.40156,707055.3702,-1,174,326
813,E01005702,53.53494,-2.4034400000000002,1113810.428,-1,134,96
814,E01005705,53.525980000000004,-2.3763400000000003,665754.8719,-1,93,68
815,E01005707,53.53031,-2.39435,818193.7262,-1,136,124
816,E01005661,53.52595,-2.4329400000000003,476689.5443,-1,106,81
817,E01005662,53.52932,-2.43994,17350940.26,-1,82,63
818,E01005709,53.522859999999994,-2.42354,1098014.111,-1,98,73
819,E01005710,53.520430000000005,-2.41278,1063778.007,-1,62,42
820,E01005670,53.518840000000004,-2.329,1526302.2859999998,-1,138,130
821,E01005672,53.51257,-2.3376,2940477.748,-1,79,137
822,E01005676,53.5328,-2.34712,5553451.219,-1,29,21
823,E01005677,53.52749,-2.33775,3222800.142,-1,45,42
824,E01005686,53.51586999999999,-2.34119,1678428.6,-1,100,127
825,E01005688,53.52012,-2.3432,1417736.082,-1,46,36
826,E01005691,53.52154,-2.35565,2068666.753,-1,76,60
827,E01005692,53.52236,-2.33868,1430631.4019999998,-1,105,96
828,E01005711,53.520030000000006,-2.37831,2354289.615,-1,37,24
829,E01005712,53.520030000000006,-2.39498,1350287.3590000002,-1,88,62
830,E01005713,53.51497,-2.40822,1825195.1330000001,-1,13,18
831,E01005714,53.51599,-2.3824799999999997,5891678.597,-1,78,80
832,E01005715,53.5148,-2.39681,1168062.942,-1,45,53
833,E01005718,53.52216,-2.40319,781355.9427,-1,89,106
834,E01005673,53.51043000000001,-2.31319,682375.9635,-1,86,67
835,E01005675,53.511419999999994,-2.30127,1431758.366,-1,212,62
836,E01005678,53.52333,-2.31644,674922.1464,-1,85,64
837,E01005679,53.518969999999996,-2.3197400000000004,693827.0096,-1,161,115
838,E01005687,53.51365,-2.359,1229773.487,-1,75,104
839,E01005689,53.51285,-2.34738,7186736.024,-1,149,131
840,E01005690,53.50836999999999,-2.34585,1593868.573,-1,57,42
841,E01005693,53.51752,-2.3546400000000003,1703118.781,-1,36,26
842,E01005646,53.51444,-2.25254,5668064.268999999,-1,83,76
843,E01005649,53.51446,-2.26011,880788.5631,-1,67,33
844,E01005650,53.50826,-2.26328,1642912.158,-1,78,63
845,E01005651,53.51133000000001,-2.25137,1213359.59,-1,115,98
846,E01005647,53.51614,-2.26713,1004022.0340000001,-1,14,28
847,E01005648,53.5121,-2.27556,3067607.874,-1,94,75
848,E01005652,53.51043000000001,-2.28463,1318317.545,-1,82,77
849,E01005653,53.50504,-2.28313,1424196.8930000002,-1,112,131
850,E01005671,53.513490000000004,-2.32877,1948621.096,-1,114,151
851,E01005674,53.50872,-2.32471,788267.824,-1,84,80
852,E01005694,53.50023,-2.3353200000000003,5699225.693,-1,40,32
853,E01005696,53.5003,-2.3455,3362351.3310000002,-1,64,57
854,E01005698,53.506040000000006,-2.3330900000000003,1446217.086,-1,89,83
855,E01005700,53.507630000000006,-2.3388299999999997,19154894.16,-1,91,113
856,E01005716,53.509919999999994,-2.41495,788166.7191,-1,38,40
857,E01005717,53.51059,-2.40385,709744.6124,-1,11,7
858,E01005734,53.50241,-2.41298,1081306.8909999998,-1,52,44
859,E01005735,53.5052,-2.4140900000000003,1202444.7179999999,-1,11,35
860,E01005736,53.503659999999996,-2.4252,1658104.0119999999,-1,29,19
861,E01005737,53.490840000000006,-2.4119200000000003,755472.9774,-1,54,69
862,E01005739,53.498569999999994,-2.42524,2604585.789,-1,36,23
863,E01005695,53.498709999999996,-2.35873,1077630.902,-1,38,12
864,E01005697,53.504290000000005,-2.35132,1253862.564,-1,37,34
865,E01005738,53.49305,-2.3839799999999998,1699527.102,-1,64,60
866,E01005740,53.51039,-2.37862,2430837.499,-1,34,27
867,E01005741,53.50558,-2.36852,1655641.898,-1,20,22
868,E01005742,53.5077,-2.36024,802072.7755,-1,41,49
869,E01005625,53.499019999999994,-2.32468,672862.4302,-1,38,29
870,E01005627,53.496080000000006,-2.3218400000000003,1065359.947,-1,21,15
871,E01005699,53.50663,-2.3147599999999997,1358273.987,-1,44,19
872,E01005701,53.504630000000006,-2.3214200000000003,8758593.776,-1,47,43
873,E01005609,53.49612,-2.26106,897281.0819,-1,169,80
874,E01005611,53.499309999999994,-2.2656400000000003,691655.8027,-1,263,268
875,E01005612,53.50351,-2.25754,696648.9211,-1,163,130
876,E01005613,53.50617,-2.25027,885459.46,-1,177,205
877,E01005614,53.50654,-2.2556599999999998,1498774.124,-1,77,55
878,E01005615,53.50337,-2.26441,1108376.953,-1,142,105
879,E01005624,53.50103000000001,-2.30361,5549686.194,-1,79,92
880,E01005680,53.4956,-2.29305,443838.3701,-1,232,345
881,E01005683,53.49785,-2.28513,5023903.023,-1,217,229
882,E01005622,53.49941,-2.31045,1368902.739,-1,105,103
883,E01005623,53.49533,-2.30669,16149628.68,-1,34,34
884,E01005626,53.499869999999994,-2.31705,1888627.506,-1,36,24
885,E01005628,53.494209999999995,-2.30063,928710.8866,-1,84,40
886,E01005725,53.49354,-2.36615,1372617.0269999998,-1,96,117
887,E01005726,53.48851,-2.37182,18614122.78,-1,74,84
888,E01005727,53.49101999999999,-2.36239,2328480.9269999997,-1,55,50
889,E01005728,53.48729,-2.3637200000000003,3961328.1580000003,-1,47,50
890,E01005733,53.49325,-2.37587,9691117.379,-1,92,74
891,E01005631,53.48661,-2.33682,9781238.937,-1,287,341
892,E01005632,53.4865,-2.3493,2826418.5730000003,-1,109,106
893,E01005633,53.49416,-2.332,1413127.4780000001,-1,74,47
894,E01005634,53.49414,-2.3485099999999997,747585.061,-1,73,50
895,E01005635,53.48952,-2.3342099999999997,1358640.2959999999,-1,66,65
896,E01005636,53.4907,-2.34281,2186638.097,-1,63,45
897,E01005637,53.49143,-2.35465,4233576.379,-1,80,66
898,E01005629,53.49505,-2.31223,874165.4385,-1,56,34
899,E01005630,53.49216,-2.31767,3077328.3310000002,-1,311,239
900,E01005719,53.4856,-2.32408,717549.4408,-1,121,184
901,E01005720,53.482119999999995,-2.31275,936576.9619,-1,148,109
902,E01005722,53.48834,-2.31199,627800.6552,-1,141,123
903,E01005723,53.47916,-2.3027599999999997,407012.2335,-1,145,116
904,E01005724,53.491659999999996,-2.32478,887080.5245,-1,48,33
905,E01005610,53.490469999999995,-2.27135,568765.0571,-1,192,113
906,E01005654,53.48415,-2.29371,1221611.455,-1,132,168
907,E01005656,53.48433000000001,-2.29877,600659.3021,-1,78,49
908,E01005657,53.48774,-2.2951900000000003,1132334.62,-1,138,181
909,E01005721,53.48969,-2.30182,938571.4885,-1,127,76
910,E01005655,53.48523,-2.28704,4924252.18,-1,128,118
911,E01005658,53.48231,-2.28516,1314329.755,-1,144,87
912,E01005681,53.4903,-2.2829099999999998,836315.4781,-1,247,185
913,E01005682,53.4869,-2.28274,9860433.827,-1,240,238
914,E01005729,53.48209,-2.36328,1631188.145,-1,188,122
915,E01005730,53.48137,-2.3692900000000003,1794689.52,-1,51,53
916,E01005731,53.48036,-2.37582,674599.3214,-1,98,58
917,E01005732,53.474790000000006,-2.38995,2055455.0019999999,-1,92,56
918,E01005599,53.48143,-2.33907,808184.6282,-1,247,286
919,E01005600,53.47876,-2.34387,616854.4399,-1,76,46
920,E01005601,53.479690000000005,-2.35181,732487.9374,-1,136,138
921,E01005602,53.477740000000004,-2.3546400000000003,1089299.231,-1,85,83
922,E01005603,53.47903,-2.3597900000000003,516554.7057,-1,94,67
923,E01005604,53.473690000000005,-2.36223,536163.5087,-1,73,66
924,E01005605,53.4708,-2.37606,739676.9486,-1,59,61
925,E01005638,53.48365,-2.35534,720888.5126,-1,172,148
926,E01005667,53.47524,-2.27685,2151157.398,-1,119,181
927,E01005639,53.45543000000001,-2.4188,1002903.325,-1,115,98
928,E01005640,53.4625,-2.40251,1243879.64,-1,69,48
929,E01005641,53.453880000000005,-2.41267,1510023.583,-1,40,35
930,E01005642,53.45085,-2.40963,5478077.415,-1,26,51
931,E01005643,53.463680000000004,-2.42422,972760.4042,-1,27,28
932,E01005644,53.44631,-2.41391,1766605.793,-1,29,18
933,E01005645,53.44708000000001,-2.42453,913754.021,-1,14,15
934,E01005616,53.42621,-2.4481599999999997,1535953.074,-1,74,57
935,E01005617,53.434819999999995,-2.44539,658148.002,-1,16,16
936,E01005618,53.43006999999999,-2.42769,503400.5443,-1,110,86
937,E01005619,53.4208,-2.4435,1329746.2240000002,-1,58,48
938,E01005620,53.44101,-2.4220200000000003,591324.3506,-1,122,104
939,E01005621,53.448930000000004,-2.45662,663944.5897,-1,139,101
940,E01006836,53.47342,-2.6295599999999997,9710669.803,-1,6,3
941,E01005886,53.44859,-2.15587,743322.3507,-1,58,45
942,E01005888,53.44706,-2.1513299999999997,552390.9329,-1,36,30
943,E01005889,53.444759999999995,-2.1572,814232.3575,-1,106,84
944,E01005891,53.442280000000004,-2.14995,610969.2894,-1,10,15
945,E01005894,53.44161999999999,-2.15836,1123944.369,-1,35,16
946,E01005887,53.4478,-2.16561,1189139.846,-1,76,93
947,E01005890,53.443459999999995,-2.16895,732159.8468,-1,80,71
948,E01005893,53.4397,-2.1621799999999998,1112378.707,-1,78,126
949,E01005896,53.45175,-2.161,480703.8673,-1,75,65
950,E01005919,53.43728,-2.17057,686679.0449,-1,81,90
951,E01005862,53.42869,-2.16981,1214054.7659999998,-1,19,11
952,E01005892,53.437290000000004,-2.15002,518095.7341,-1,59,80
953,E01005895,53.4297,-2.15088,566265.7319,-1,28,22
954,E01005920,53.43189,-2.1669,931864.6733,-1,44,43
955,E01005921,53.4343,-2.16157,2257394.1890000002,-1,101,88
956,E01005922,53.42949,-2.15782,4877978.948,-1,47,43
957,E01005753,53.42848000000001,-2.1320200000000002,2291870.453,-1,104,126
958,E01005754,53.43127,-2.1410299999999998,455318.8049,-1,156,197
959,E01005755,53.42556,-2.1383099999999997,1198897.588,-1,100,86
960,E01005756,53.43484,-2.1352599999999997,1030707.4759999999,-1,121,178
961,E01005745,53.43216999999999,-2.0961,1118364.744,-1,55,62
962,E01005746,53.42485,-2.10025,907554.7388,-1,78,119
963,E01005747,53.43034,-2.0893,970054.0375,-1,21,25
964,E01005748,53.42511999999999,-2.09025,2265644.877,-1,30,22
965,E01005863,53.42351,-2.17469,1355618.48,-1,32,30
966,E01005864,53.425369999999994,-2.18432,824936.6606,-1,99,107
967,E01005866,53.427580000000006,-2.17775,384214.7336,-1,80,77
968,E01005869,53.43261,-2.1815,2301271.154,-1,65,77
969,E01005914,53.42435,-2.15027,2062102.573,-1,44,32
970,E01005915,53.42332,-2.15968,903795.4071,-1,85,116
971,E01005916,53.42114,-2.16698,845896.3458,-1,88,78
972,E01005917,53.41291,-2.1652,752345.5001,-1,153,247
973,E01005859,53.42049,-2.18391,1846227.697,-1,41,25
974,E01005865,53.42658,-2.19085,797806.2351,-1,57,33
975,E01005867,53.41931999999999,-2.19326,1506709.985,-1,65,88
976,E01005868,53.4208,-2.2018299999999997,644042.1025,-1,59,43
977,E01005743,53.4198,-2.12248,1858944.343,-1,44,40
978,E01005744,53.430640000000004,-2.11753,539527.5283,-1,118,165
979,E01005749,53.42049,-2.1082799999999997,908218.9122,-1,41,54
980,E01005750,53.41679,-2.13075,807581.1646,-1,58,88
981,E01005751,53.420480000000005,-2.1158900000000003,1174431.7959999999,-1,34,26
982,E01005897,53.41056999999999,-2.07553,2506321.321,-1,32,34
983,E01005898,53.42094,-2.05742,291418.3926,-1,44,32
984,E01005900,53.41259,-2.09006,887573.8519,-1,71,84
985,E01005903,53.420480000000005,-2.0836,584381.2041,-1,26,19
986,E01005904,53.41619,-2.0843,756004.1752,-1,20,29
987,E01005853,53.409859999999995,-2.1865200000000002,2072484.3390000002,-1,53,65
988,E01005856,53.41066,-2.17937,1056055.3290000001,-1,69,69
989,E01005860,53.4182,-2.17925,820409.3423,-1,22,17
990,E01005861,53.41336,-2.17325,697841.3464,-1,64,101
991,E01005752,53.41805,-2.10227,1279332.503,-1,54,39
992,E01005899,53.40899,-2.0960099999999997,565456.3663,-1,57,73
993,E01005901,53.40673,-2.11098,395299.9281,-1,19,24
994,E01005902,53.41335,-2.11016,455051.4683,-1,70,82
995,E01005905,53.417269999999995,-2.10931,1397605.0119999999,-1,111,148
996,E01005852,53.40961,-2.20791,657978.3153,-1,67,63
997,E01005854,53.4153,-2.19035,428330.2108,-1,72,45
998,E01005855,53.413380000000004,-2.19886,1906152.396,-1,50,49
999,E01005857,53.40844,-2.19563,624757.796,-1,44,31
1000,E01005858,53.4154,-2.2082,417052.7043,-1,31,30
1001,E01005757,53.41846999999999,-2.14281,1234345.064,-1,88,118
1002,E01005758,53.41121999999999,-2.1539099999999998,1179829.682,-1,685,1399
1003,E01005766,53.40107,-2.15977,817633.5477,-1,87,101
1004,E01005918,53.415980000000005,-2.1595299999999997,772154.6145,-1,185,195
1005,E01005870,53.411030000000004,-2.13503,1816495.907,-1,46,62
1006,E01005871,53.40636,-2.13807,1310193.274,-1,43,105
1007,E01005873,53.40535,-2.1290400000000003,710601.7178,-1,42,53
1008,E01005875,53.40351999999999,-2.13381,2237464.745,-1,19,16
1009,E01005764,53.398999999999994,-2.16843,831243.2139,-1,76,140
1010,E01005816,53.40266999999999,-2.1729700000000003,411935.7897,-1,37,33
1011,E01005817,53.40509,-2.1730400000000003,690397.0802,-1,68,63
1012,E01005822,53.4058,-2.16552,1058819.975,-1,206,282
1013,E01005880,53.41516,-2.0329200000000003,978999.8981,-1,34,24
1014,E01005881,53.40308,-2.04327,895603.4105,-1,11,7
1015,E01005883,53.403980000000004,-2.0612,628493.975,-1,31,25
1016,E01005908,53.394659999999995,-2.02135,875375.824,-1,24,9
1017,E01005765,53.3982,-2.17827,993229.587,-1,24,28
1018,E01005818,53.40014,-2.19194,535782.8962,-1,75,144
1019,E01005819,53.40139,-2.20032,530335.2916,-1,54,169
1020,E01005820,53.400819999999996,-2.1794599999999997,493311.3477,-1,61,104
1021,E01005821,53.403059999999996,-2.19069,428918.51200000005,-1,39,107
1022,E01005823,53.4039,-2.1823,756626.1064,-1,68,131
1023,E01005825,53.39431,-2.14331,960994.8807,-1,43,24
1024,E01005872,53.40655,-2.1471400000000003,950996.9941,-1,63,74
1025,E01005874,53.40322,-2.1487700000000003,1301454.62,-1,132,157
1026,E01005876,53.3995,-2.1390599999999997,612714.8772,-1,79,86
1027,E01005877,53.39872,-2.14692,783802.8993,-1,53,62
1028,E01005878,53.39165,-2.07932,721183.0958,-1,45,48
1029,E01005879,53.39508000000001,-2.06937,676464.6615,-1,32,32
1030,E01005882,53.40294,-2.07891,896682.3085,-1,20,10
1031,E01005884,53.398030000000006,-2.08814,692112.8246,-1,36,39
1032,E01005885,53.39624,-2.06097,701611.7588,-1,57,66
1033,E01005832,53.4014,-2.12175,1064333.906,-1,32,44
1034,E01005833,53.39747,-2.1167599999999998,777198.8707,-1,43,94
1035,E01005835,53.39376,-2.10087,968807.5667,-1,32,21
1036,E01005837,53.38618,-2.10577,1985756.979,-1,30,9
1037,E01005843,53.39261,-2.10798,772462.3005,-1,32,30
1038,E01005769,53.3998,-2.2133700000000003,730543.825,-1,118,149
1039,E01005778,53.396119999999996,-2.1972099999999997,1267532.506,-1,58,70
1040,E01005779,53.39278,-2.20075,1502253.271,-1,29,16
1041,E01005780,53.393280000000004,-2.19194,1588432.5269999998,-1,41,24
1042,E01005781,53.38873,-2.19283,2903818.6010000003,-1,93,228
1043,E01005759,53.39366999999999,-2.16489,2179810.953,-1,35,38
1044,E01005760,53.3974,-2.16045,1026642.543,-1,60,56
1045,E01005797,53.39519,-2.15181,671864.9658,-1,55,75
1046,E01005800,53.3878,-2.1574400000000002,384964.4973,-1,50,36
1047,E01005804,53.3944,-2.1579099999999998,928851.3854,-1,45,32
1048,E01005824,53.39839,-2.13377,2507743.106,-1,29,41
1049,E01005826,53.39395,-2.12275,692669.7245,-1,75,119
1050,E01005827,53.39476,-2.12888,9633477.895,-1,40,50
1051,E01005828,53.39091,-2.11959,796264.3419,-1,91,71
1052,E01005829,53.38841,-2.1215200000000003,812731.3013,-1,59,53
1053,E01005768,53.39679,-2.2279400000000003,768247.4293,-1,43,29
1054,E01005770,53.394,-2.2406900000000003,877076.9114,-1,49,75
1055,E01005771,53.39569,-2.2359999999999998,1157052.817,-1,40,37
1056,E01005775,53.38933000000001,-2.23989,2300384.33,-1,54,35
1057,E01005761,53.38975,-2.18051,2447253.821,-1,62,38
1058,E01005762,53.394090000000006,-2.17752,824702.7733,-1,127,153
1059,E01005763,53.39045,-2.17017,695986.1902,-1,62,83
1060,E01005799,53.38734,-2.1638900000000003,817705.0342,-1,70,106
1061,E01005798,53.389880000000005,-2.15029,644423.2823,-1,87,64
1062,E01005801,53.38364,-2.13669,1214413.004,-1,146,107
1063,E01005802,53.38718000000001,-2.14465,970407.1658,-1,44,31
1064,E01005803,53.383469999999996,-2.14888,1124328.916,-1,31,14
1065,E01005830,53.39206,-2.13679,679073.2826,-1,44,46
1066,E01005831,53.38851,-2.13062,1752808.1619999998,-1,73,74
1067,E01005767,53.382690000000004,-2.23412,921537.2339,-1,22,13
1068,E01005772,53.38839,-2.22931,1470432.091,-1,37,29
1069,E01005773,53.39006,-2.21703,948765.9764,-1,63,62
1070,E01005774,53.38969,-2.20757,1814442.554,-1,71,74
1071,E01005776,53.38515,-2.22053,1157435.104,-1,46,36
1072,E01005909,53.38893,-2.0516900000000002,532682.7062,-1,34,26
1073,E01005910,53.38989,-2.0619400000000003,883349.5040000001,-1,58,74
1074,E01005911,53.38796,-2.0709999999999997,398289.1188,-1,38,16
1075,E01005912,53.37752,-2.06181,678312.7446,-1,41,26
1076,E01005782,53.384240000000005,-2.18357,2035560.449,-1,25,32
1077,E01005783,53.38524,-2.19389,2101064.566,-1,38,72
1078,E01005784,53.38191,-2.20808,729165.7321,-1,83,75
1079,E01005785,53.37947,-2.19703,2151764.932,-1,24,24
1080,E01005786,53.37925,-2.1901900000000003,712483.4762,-1,49,61
1081,E01005834,53.38616,-2.11545,1207963.423,-1,51,57
1082,E01005836,53.38051,-2.11291,2094898.352,-1,55,53
1083,E01005838,53.380930000000006,-2.12332,1504911.8190000001,-1,110,150
1084,E01005840,53.377790000000005,-2.12926,2306432.873,-1,140,151
1085,E01005927,53.37868,-2.1630000000000003,773810.8959,-1,28,28
1086,E01005928,53.382740000000005,-2.17164,3283516.723,-1,41,44
1087,E01005929,53.37335,-2.17333,1171539.389,-1,25,26
1088,E01005930,53.36715,-2.16815,847732.6254,-1,24,10
1089,E01005806,53.369659999999996,-2.13502,983736.3228,-1,25,23
1090,E01005813,53.37546999999999,-2.1431400000000003,540579.2288,-1,26,9
1091,E01005814,53.375040000000006,-2.13469,1704034.888,-1,17,15
1092,E01005815,53.373780000000004,-2.1230900000000004,1577856.707,-1,39,29
1093,E01005777,53.37586999999999,-2.20844,511990.542,-1,61,90
1094,E01005788,53.37424,-2.1973700000000003,971015.1997,-1,35,28
1095,E01005790,53.370459999999994,-2.2075099999999996,2790276.45,-1,33,42
1096,E01005805,53.37076,-2.1174,822190.6525,-1,20,5
1097,E01005807,53.366530000000004,-2.1225099999999997,1295020.0259999998,-1,19,14
1098,E01005839,53.37879,-2.1033,870209.8745,-1,19,18
1099,E01005841,53.374109999999995,-2.10926,580746.6039,-1,47,61
1100,E01005844,53.37582,-2.22365,521268.9553,-1,131,47
1101,E01005845,53.371880000000004,-2.2320900000000004,597506.3669,-1,56,70
1102,E01005849,53.36625,-2.23272,572402.7649,-1,44,55
1103,E01005851,53.37676999999999,-2.23552,1184085.925,-1,41,28
1104,E01005808,53.36943,-2.15725,1004820.512,-1,35,39
1105,E01005809,53.36257,-2.1464,2732572.087,-1,23,25
1106,E01005810,53.36124,-2.15693,1907643.0990000002,-1,38,26
1107,E01005811,53.379369999999994,-2.15159,772676.5519,-1,24,9
1108,E01005812,53.37435,-2.15367,495595.5276,-1,23,26
1109,E01005842,53.37461,-2.09376,659726.2904,-1,41,33
1110,E01005906,53.36317,-2.0636400000000004,560324.9697,-1,16,9
1111,E01005907,53.36748000000001,-2.0670599999999997,519286.8773,-1,20,23
1112,E01005913,53.3686,-2.07755,986963.7084,-1,9,19
1113,E01005789,53.3717,-2.18607,1210855.253,-1,52,89
1114,E01005791,53.36529,-2.19064,618997.072,-1,27,40
1115,E01005793,53.359280000000005,-2.19829,628930.4998,-1,36,66
1116,E01005795,53.3576,-2.18891,969548.7635,-1,9,15
1117,E01005796,53.37653,-2.18125,628921.5116,-1,11,11
1118,E01005846,53.37085,-2.21582,890754.7793,-1,35,31
1119,E01005847,53.365790000000004,-2.2231,1454796.669,-1,36,26
1120,E01005848,53.36322,-2.21156,1145425.675,-1,66,61
1121,E01005850,53.36141,-2.2278599999999997,802028.9768,-1,49,39
1122,E01005792,53.36544,-2.1814299999999998,813332.6934,-1,21,26
1123,E01005794,53.361290000000004,-2.18284,735349.4208,-1,13,11
1124,E01005923,53.35416,-2.1787400000000003,841904.968,-1,10,13
1125,E01005931,53.36014,-2.17196,906007.9067,-1,20,5
1126,E01005924,53.355940000000004,-2.1694299999999997,676664.2449,-1,41,63
1127,E01005925,53.35325,-2.16397,1015425.39,-1,27,51
1128,E01005926,53.34021,-2.16803,706546.47,-1,58,20
1129,E01005932,53.35395,-2.15341,3309755.3839999996,-1,9,7
1130,E01006053,53.526340000000005,-2.03673,4077727.889,-1,39,46
1131,E01006054,53.51772,-2.0533,864552.9940000001,-1,87,106
1132,E01006055,53.52304,-2.04255,1085083.9840000002,-1,36,36
1133,E01006057,53.512969999999996,-2.02926,940361.2963,-1,36,47
1134,E01006058,53.51556,-2.04209,1228072.028,-1,92,114
1135,E01006059,53.509009999999996,-2.04046,3487810.31,-1,38,30
1136,E01005938,53.51206,-2.07309,409337.7585,-1,90,66
1137,E01005939,53.50889,-2.08376,712705.1396,-1,37,39
1138,E01005940,53.50731,-2.0944,424976.106,-1,48,26
1139,E01005955,53.504419999999996,-2.0998799999999997,939087.5313,-1,31,21
1140,E01006056,53.51565,-2.01119,5346051.586,-1,79,49
1141,E01006061,53.50179,-2.03228,921117.7135,-1,120,151
1142,E01006062,53.5051,-2.01983,1095903.015,-1,26,27
1143,E01006063,53.49635,-2.05039,1261373.321,-1,37,40
1144,E01005936,53.50195,-2.06962,514861.3079,-1,46,29
1145,E01005937,53.50205,-2.0598799999999997,1350041.261,-1,85,49
1146,E01005945,53.498430000000006,-2.07436,806859.6932,-1,156,171
1147,E01005946,53.49653000000001,-2.0827400000000003,1282014.656,-1,117,117
1148,E01005947,53.493719999999996,-2.08072,1031759.055,-1,109,109
1149,E01005954,53.50338000000001,-2.10445,640082.6238,-1,104,88
1150,E01005956,53.49966,-2.1164099999999997,1143014.715,-1,58,49
1151,E01005957,53.49683,-2.1027299999999998,863122.7516,-1,65,78
1152,E01005958,53.49925,-2.1088400000000003,690420.9029999999,-1,62,59
1153,E01005959,53.49411,-2.1097599999999996,1226567.939,-1,118,76
1154,E01005933,53.50208000000001,-2.0862700000000003,2315783.46,-1,139,112
1155,E01005934,53.5005,-2.09271,1671859.293,-1,65,55
1156,E01005935,53.499309999999994,-2.0830599999999997,608973.3507,-1,92,86
1157,E01005949,53.49448,-2.09159,835423.8794,-1,103,119
1158,E01005960,53.49454,-2.0989299999999997,2530951.357,-1,106,91
1159,E01005941,53.49074,-2.0848299999999997,566497.1162,-1,155,156
1160,E01005942,53.4897,-2.07705,794697.442,-1,49,50
1161,E01005943,53.484919999999995,-2.0819099999999997,653950.2294,-1,87,91
1162,E01005944,53.49378000000001,-2.07113,1764770.7780000002,-1,206,125
1163,E01006060,53.486430000000006,-2.05567,1514402.209,-1,220,217
1164,E01006064,53.492430000000006,-2.06328,1021080.853,-1,79,89
1165,E01006065,53.49148,-2.0558400000000003,2095733.335,-1,112,87
1166,E01006066,53.48741,-2.06648,4182638.017,-1,72,75
1167,E01006067,53.49004,-2.03991,9178031.092,-1,55,79
1168,E01006068,53.484869999999994,-2.0489,2808434.2460000003,-1,111,78
1169,E01006069,53.48426,-2.0371599999999996,72603387.08,-1,85,55
1170,E01006073,53.49326,-2.0013099999999997,1611511.975,-1,84,50
1171,E01005993,53.49109,-2.13282,864058.4618,-1,30,24
1172,E01005996,53.48659,-2.1364,1631730.0480000002,-1,73,66
1173,E01005997,53.483380000000004,-2.1419099999999998,685165.5905,-1,50,69
1174,E01006000,53.477740000000004,-2.14555,1062761.736,-1,182,181
1175,E01005994,53.4888,-2.14387,7291865.651000001,-1,36,18
1176,E01005999,53.476659999999995,-2.1518200000000003,986148.1764,-1,168,207
1177,E01006002,53.48222,-2.15382,1190105.938,-1,51,47
1178,E01006004,53.4839,-2.1488400000000003,945288.9399,-1,37,54
1179,E01006005,53.49163000000001,-2.15306,720990.9047,-1,53,58
1180,E01006007,53.48595,-2.15614,403366.5936,-1,77,89
1181,E01005998,53.47815,-2.16071,836479.5137,-1,113,93
1182,E01006001,53.4858,-2.1654400000000003,695411.7976,-1,65,76
1183,E01006003,53.4823,-2.16427,4773666.433999999,-1,75,45
1184,E01006006,53.48956999999999,-2.1621200000000003,726135.8707,-1,16,26
1185,E01005948,53.488459999999996,-2.0970400000000002,437223.4075,-1,862,1360
1186,E01005950,53.48766,-2.11234,326301.2856,-1,203,254
1187,E01005951,53.479530000000004,-2.11782,813980.2772,-1,170,169
1188,E01005952,53.48225,-2.10352,603679.8513,-1,185,186
1189,E01005953,53.48098,-2.11063,524510.2607,-1,140,144
1190,E01005961,53.46856,-2.1371,632317.4877,-1,90,62
1191,E01005962,53.47679,-2.13137,920676.1335,-1,82,57
1192,E01005968,53.48225,-2.1301099999999997,590942.4412,-1,34,34
1193,E01005969,53.477940000000004,-2.13858,923473.0258,-1,34,28
1194,E01006022,53.47971999999999,-2.05227,742689.9958,-1,145,225
1195,E01006023,53.48149,-2.06766,3275802.935,-1,133,135
1196,E01006070,53.479580000000006,-2.04432,36748696.11,-1,42,26
1197,E01006071,53.468819999999994,-2.0376,4949039.46,-1,20,22
1198,E01006072,53.4697,-2.02517,4414575.728999999,-1,23,15
1199,E01006009,53.47929,-2.07995,1799124.784,-1,82,94
1200,E01006017,53.473130000000005,-2.0535099999999997,1078102.426,-1,23,12
1201,E01006018,53.476519999999994,-2.0623,1488784.822,-1,33,14
1202,E01006021,53.47619,-2.0709400000000002,3852822.008,-1,50,25
1203,E01006008,53.46983,-2.0976,745878.5337,-1,71,50
1204,E01006010,53.476780000000005,-2.09495,1084560.164,-1,94,109
1205,E01006012,53.47719,-2.08712,549742.6827,-1,131,67
1206,E01006015,53.46765,-2.08205,694195.5378,-1,42,22
1207,E01006016,53.48101,-2.09385,511313.5249,-1,226,223
1208,E01006011,53.47295,-2.0822700000000003,1636217.4619999998,-1,104,104
1209,E01006013,53.47211,-2.07605,695310.3787,-1,59,46
1210,E01006014,53.4718,-2.08993,1408710.8469999998,-1,87,47
1211,E01006019,53.47271,-2.06641,648756.9788,-1,86,125
1212,E01006020,53.46917,-2.0676200000000002,958097.1681,-1,71,38
1213,E01005963,53.47374,-2.11892,510726.3632,-1,51,52
1214,E01005964,53.4713,-2.12393,663618.8633,-1,59,49
1215,E01005965,53.46923,-2.10988,770596.6768,-1,99,102
1216,E01005966,53.464490000000005,-2.11972,729107.3912,-1,95,61
1217,E01005967,53.46848000000001,-2.1162799999999997,754605.1451,-1,96,85
1218,E01006031,53.46083,-2.09052,5372000.839,-1,156,105
1219,E01006032,53.46359,-2.0712599999999997,742500.0728,-1,101,66
1220,E01006033,53.46325,-2.07697,1499331.0569999998,-1,97,81
1221,E01006034,53.46572,-2.06135,1151686.2959999999,-1,166,91
1222,E01006035,53.45661,-2.07265,967448.1659,-1,89,92
1223,E01006036,53.460080000000005,-2.0805,574054.9951,-1,136,124
1224,E01005970,53.46249,-2.10586,933938.4631,-1,23,11
1225,E01005972,53.460069999999995,-2.11299,939306.1954,-1,91,62
1226,E01005974,53.45697,-2.1124400000000003,437315.8276,-1,193,254
1227,E01005975,53.449769999999994,-2.11496,590827.3695,-1,92,78
1228,E01006024,53.44839,-2.0510099999999998,2671088.444,-1,42,22
1229,E01006026,53.452909999999996,-2.06454,836003.4363,-1,72,66
1230,E01006037,53.462469999999996,-2.05218,533765.205,-1,44,24
1231,E01006038,53.459759999999996,-2.06265,583410.2715,-1,28,19
1232,E01006047,53.46546,-1.98869,1336288.366,-1,62,34
1233,E01006048,53.46046,-2.01479,5818490.745,-1,44,69
1234,E01006049,53.46625,-1.9990700000000001,732696.9109,-1,72,66
1235,E01006051,53.44449,-2.01262,1674271.9,-1,53,43
1236,E01005985,53.45783,-2.13538,2168021.9269999997,-1,25,24
1237,E01005987,53.448519999999995,-2.1448,788117.1482,-1,25,13
1238,E01005988,53.45287,-2.1515,1477929.9219999998,-1,24,16
1239,E01005990,53.45535,-2.1437,630813.449,-1,41,35
1240,E01005991,53.458819999999996,-2.1455599999999997,1321248.259,-1,29,34
1241,E01005971,53.45924,-2.1236,766208.0842,-1,111,184
1242,E01005986,53.45094,-2.1223799999999997,604639.5046,-1,51,37
1243,E01005989,53.44484,-2.1316599999999997,953679.9424,-1,70,66
1244,E01005992,53.454069999999994,-2.1257599999999996,1404751.3590000002,-1,89,95
1245,E01005973,53.45579,-2.0994099999999998,591923.9927,-1,41,41
1246,E01005976,53.4532,-2.10613,343886.9683,-1,98,77
1247,E01005977,53.450230000000005,-2.10607,795337.0502,-1,62,53
1248,E01005978,53.44801999999999,-2.09409,833054.3593,-1,80,108
1249,E01006025,53.4552,-2.03602,1681266.706,-1,104,124
1250,E01006027,53.44785,-2.03796,857791.3516,-1,106,109
1251,E01006050,53.44745,-2.0264599999999997,795597.4546,-1,154,211
1252,E01006052,53.45446999999999,-2.01938,725659.7892,-1,116,104
1253,E01006028,53.450269999999996,-2.07104,687212.9855,-1,213,422
1254,E01006029,53.44857,-2.07307,2907437.285,-1,93,129
1255,E01006030,53.44324,-2.06311,860263.2518,-1,87,71
1256,E01006039,53.44603000000001,-2.08547,1310030.8159999999,-1,45,48
1257,E01006040,53.45183000000001,-2.08793,1237563.869,-1,165,213
1258,E01006041,53.44511,-2.0747400000000003,649989.9415,-1,85,73
1259,E01005979,53.44396999999999,-2.09614,1021361.682,-1,39,32
1260,E01005980,53.4455,-2.10434,19271777.91,-1,69,77
1261,E01005981,53.44333,-2.10799,5508761.402000001,-1,82,87
1262,E01005982,53.44194,-2.11637,1740547.054,-1,85,50
1263,E01005983,53.43776,-2.09895,1310397.135,-1,61,38
1264,E01005984,53.43784,-2.10659,632004.7682,-1,82,72
1265,E01006042,53.43936,-2.06887,1389510.7619999999,-1,47,62
1266,E01006043,53.44316,-2.07979,495052.3612,-1,71,60
1267,E01006044,53.43642,-2.0832900000000003,1678308.5580000002,-1,56,50
1268,E01006045,53.433969999999995,-2.05131,899576.7982,-1,26,25
1269,E01006046,53.43841,-2.07477,805598.7104,-1,29,14
1270,E01006109,53.460719999999995,-2.25762,2044454.5280000002,-1,90,116
1271,E01006110,53.45808,-2.2657700000000003,1439678.4740000002,-1,25,27
1272,E01006111,53.46147,-2.2650099999999997,467291.2656,-1,66,54
1273,E01006112,53.46151,-2.26168,656988.7474,-1,77,78
1274,E01006185,53.46594,-2.26803,1187511.352,-1,193,196
1275,E01006188,53.46321,-2.27502,819242.9388,-1,73,84
1276,E01006116,53.46018,-2.35955,853284.814,-1,37,99
1277,E01006117,53.45521,-2.3491400000000002,423019.1316,-1,25,34
1278,E01006118,53.458180000000006,-2.3552299999999997,1037209.675,-1,29,20
1279,E01006119,53.454769999999996,-2.3422,1583375.378,-1,31,39
1280,E01006121,53.469969999999996,-2.3374,3300195.528,-1,419,628
1281,E01006141,53.45231999999999,-2.29317,1070698.6609999998,-1,49,54
1282,E01006186,53.46079,-2.2907900000000003,860157.4429,-1,245,324
1283,E01006187,53.45593,-2.29969,1067791.85,-1,94,119
1284,E01006189,53.45318,-2.3084599999999997,843329.699,-1,56,56
1285,E01006113,53.45609,-2.27121,948898.2444,-1,55,63
1286,E01006114,53.4538,-2.27601,619429.205,-1,55,55
1287,E01006115,53.45383,-2.26883,664893.215,-1,59,74
1288,E01006145,53.45677,-2.28325,1438144.4840000002,-1,139,118
1289,E01006146,53.45083,-2.28376,1887713.638,-1,90,47
1290,E01006123,53.45749,-2.3690900000000004,854284.2626,-1,135,64
1291,E01006124,53.455040000000004,-2.3839099999999998,384281.1349,-1,36,20
1292,E01006128,53.450590000000005,-2.37718,2705689.785,-1,32,25
1293,E01006131,53.44554,-2.38194,1266878.845,-1,39,35
1294,E01006155,53.44923000000001,-2.33094,1668939.803,-1,40,26
1295,E01006157,53.46289,-2.31066,1017802.804,-1,140,130
1296,E01006159,53.45401999999999,-2.327,1951947.261,-1,119,96
1297,E01006182,53.44922,-2.3235900000000003,862113.4602,-1,42,42
1298,E01006183,53.44736999999999,-2.31802,705342.0587,-1,60,46
1299,E01006125,53.45639,-2.3944900000000002,1142118.1409999998,-1,50,38
1300,E01006126,53.45098,-2.3972700000000002,1535853.289,-1,87,111
1301,E01006127,53.44381,-2.40463,770260.6952,-1,53,40
1302,E01006130,53.4506,-2.38734,3562705.8239999996,-1,33,24
1303,E01006132,53.44036,-2.39228,5190358.563999999,-1,29,36
1304,E01006156,53.450230000000005,-2.3365099999999996,556045.3531,-1,57,75
1305,E01006158,53.46111,-2.33009,840818.4331,-1,125,115
1306,E01006179,53.44181,-2.31862,1384600.122,-1,82,68
1307,E01006184,53.43985,-2.32824,1159809.102,-1,81,50
1308,E01006198,53.450219999999995,-2.3515200000000003,1108031.256,-1,82,91
1309,E01006199,53.44955,-2.3432,961908.7802,-1,52,40
1310,E01006200,53.440459999999995,-2.3513900000000003,3443577.512,-1,43,44
1311,E01006201,53.4486,-2.3590299999999997,1360638.13,-1,82,83
1312,E01006202,53.44568,-2.35422,1892924.773,-1,40,49
1313,E01006120,53.45369,-2.3590299999999997,1690159.794,-1,21,20
1314,E01006129,53.446459999999995,-2.37144,837873.6899,-1,66,70
1315,E01006133,53.43917,-2.37161,3855697.289,-1,11,16
1316,E01006197,53.449630000000006,-2.3647,8822924.037,-1,30,42
1317,E01006203,53.444630000000004,-2.36322,1576298.6830000002,-1,8,17
1318,E01006142,53.445919999999994,-2.29502,9285079.548,-1,64,64
1319,E01006143,53.4425,-2.29918,1496151.085,-1,50,41
1320,E01006144,53.44086,-2.30786,2447430.691,-1,119,125
1321,E01006180,53.44773000000001,-2.30836,6857307.857999999,-1,129,150
1322,E01006181,53.450430000000004,-2.31296,1218367.461,-1,26,43
1323,E01006147,53.42864,-2.33352,1803440.991,-1,33,24
1324,E01006149,53.428419999999996,-2.32633,1806844.1609999998,-1,26,40
1325,E01006150,53.4237,-2.3313,878580.8319,-1,100,86
1326,E01006154,53.432069999999996,-2.32653,5178288.583000001,-1,35,23
1327,E01006165,53.4329,-2.31048,2228766.181,-1,50,68
1328,E01006166,53.423230000000004,-2.3559799999999997,642408.4558,-1,32,41
1329,E01006169,53.4305,-2.34774,2072028.7969999998,-1,39,50
1330,E01006170,53.43405,-2.3460900000000002,783429.3475,-1,40,40
1331,E01006171,53.428169999999994,-2.3542,1685425.114,-1,62,66
1332,E01006099,53.416109999999996,-2.30675,12582540.23,-1,32,42
1333,E01006164,53.42921,-2.2995099999999997,638136.1199,-1,84,87
1334,E01006174,53.421040000000005,-2.3071099999999998,4486382.067,-1,56,44
1335,E01006178,53.422959999999996,-2.2982400000000003,845239.2373,-1,32,30
1336,E01006097,53.41491,-2.32187,2025047.9,-1,84,53
1337,E01006160,53.424130000000005,-2.32216,733424.4146,-1,256,383
1338,E01006161,53.42531999999999,-2.3120700000000003,2627013.563,-1,80,83
1339,E01006162,53.41969,-2.31642,12343944.36,-1,59,26
1340,E01006163,53.419880000000006,-2.32497,603573.9052,-1,76,77
1341,E01006148,53.423559999999995,-2.3385700000000003,1079482.103,-1,42,20
1342,E01006151,53.41678,-2.3397200000000002,1274803.605,-1,21,20
1343,E01006152,53.41893,-2.3473,2285547.6859999998,-1,60,88
1344,E01006153,53.41308000000001,-2.35032,55628211.92,-1,28,12
1345,E01006172,53.42454,-2.34667,22259850.43,-1,18,14
1346,E01006104,53.419869999999996,-2.42805,729062.5947,-1,80,109
1347,E01006105,53.41299,-2.42747,1314586.795,-1,163,174
1348,E01006106,53.4169,-2.4407799999999997,505401.2938,-1,62,57
1349,E01006107,53.425290000000004,-2.39268,905148.704,-1,59,124
1350,E01006108,53.41435,-2.43757,2804376.7260000003,-1,104,107
1351,E01006102,53.41151,-2.3086,1191443.332,-1,55,41
1352,E01006173,53.417930000000005,-2.29925,3335632.462,-1,27,21
1353,E01006175,53.415440000000004,-2.2953200000000002,45804567.35,-1,98,56
1354,E01006176,53.42128,-2.28573,767023.4465,-1,54,51
1355,E01006177,53.41182,-2.3002599999999997,1618629.378,-1,93,72
1356,E01006091,53.40611,-2.36448,474594.7341,-1,56,62
1357,E01006092,53.399409999999996,-2.36291,629490.0566,-1,118,116
1358,E01006095,53.41121,-2.36666,833202.0913,-1,17,26
1359,E01006167,53.41696999999999,-2.3555599999999997,763937.7921,-1,105,82
1360,E01006168,53.4154,-2.36083,7294776.149,-1,97,76
1361,E01006090,53.401219999999995,-2.34245,1764721.844,-1,74,43
1362,E01006094,53.41019,-2.34713,1945431.6430000002,-1,20,18
1363,E01006096,53.40588,-2.34438,4548496.347,-1,45,36
1364,E01006100,53.4148,-2.33486,580222.1826,-1,33,24
1365,E01006103,53.40934,-2.33879,2055945.6609999998,-1,26,24
1366,E01006101,53.4127,-2.3294,657115.0234,-1,12,2
1367,E01006190,53.40101,-2.32782,940236.6864,-1,26,26
1368,E01006195,53.40606,-2.33277,733884.2953,-1,25,11
1369,E01006196,53.405640000000005,-2.32579,909722.1589,-1,26,16
1370,E01006210,53.40801,-2.3202700000000003,1318149.288,-1,23,27
1371,E01006204,53.397290000000005,-2.31503,971009.0701,-1,40,43
1372,E01006206,53.3958,-2.30836,990537.6553,-1,51,62
1373,E01006207,53.39235,-2.30628,814686.8368,-1,96,88
1374,E01006208,53.389509999999994,-2.30817,8886066.624,-1,52,52
1375,E01006211,53.40241999999999,-2.31846,795901.5039,-1,56,45
1376,E01006093,53.399809999999995,-2.33656,377371.4572,-1,31,19
1377,E01006191,53.39585,-2.33352,724454.2697,-1,32,27
1378,E01006192,53.39171999999999,-2.33081,662502.9956,-1,31,21
1379,E01006205,53.393519999999995,-2.32218,846590.1117,-1,44,72
1380,E01006209,53.387719999999995,-2.3174,9945825.892,-1,42,21
1381,E01006078,53.39688,-2.34944,781028.2557,-1,75,44
1382,E01006080,53.393409999999996,-2.34863,1278703.163,-1,60,50
1383,E01006089,53.40165,-2.35259,1640535.8909999998,-1,68,183
1384,E01006193,53.39294,-2.3409299999999997,1324649.5420000001,-1,42,47
1385,E01006194,53.385580000000004,-2.34273,1343574.7030000002,-1,88,149
1386,E01006074,53.390190000000004,-2.37764,52422426.56,-1,59,62
1387,E01006075,53.38958,-2.35466,2973506.887,-1,286,345
1388,E01006076,53.3853,-2.36104,11671183.65,-1,75,130
1389,E01006079,53.393240000000006,-2.3652900000000003,697764.8022,-1,23,11
1390,E01006087,53.397009999999995,-2.4123200000000002,1242317.568,-1,43,45
1391,E01006083,53.3768,-2.33573,821557.9753,-1,41,25
1392,E01006084,53.37249,-2.34049,786014.6382,-1,51,58
1393,E01006088,53.3805,-2.3428,1441907.764,-1,31,15
1394,E01006139,53.381409999999995,-2.33547,689326.4731,-1,60,22
1395,E01006140,53.38219,-2.32717,475993.8392,-1,41,18
1396,E01006077,53.3815,-2.35196,6746863.867000001,-1,38,43
1397,E01006081,53.37173000000001,-2.3727099999999997,1426222.063,-1,23,8
1398,E01006082,53.37875,-2.35748,1257563.32,-1,61,74
1399,E01006085,53.37566999999999,-2.3614599999999997,712142.0579,-1,28,14
1400,E01006086,53.369640000000004,-2.35574,754305.4934,-1,38,23
1401,E01006134,53.36951,-2.32999,1682892.5669999998,-1,38,8
1402,E01006135,53.372690000000006,-2.3167299999999997,1127366.0520000001,-1,70,75
1403,E01006136,53.368069999999996,-2.30519,2434391.693,-1,30,19
1404,E01006137,53.36243,-2.3115799999999997,520488.2749,-1,48,25
1405,E01006138,53.37931,-2.30563,1653426.205,-1,68,45
1406,E01012476,53.46759,-2.50561,813772.6254,-1,5,21
1407,E01025537,53.537519999999994,-2.72234,1591217.706,-1,3,2
1408,E01006315,53.59842,-2.67613,1054051.706,-1,13,10
1409,E01006316,53.58642,-2.6814299999999998,1138764.492,-1,74,32
1410,E01006317,53.5935,-2.66541,1386388.5,-1,40,23
1411,E01006319,53.588080000000005,-2.6712,2656805.3540000003,-1,57,44
1412,E01006229,53.5755,-2.66416,1289555.96,-1,47,51
1413,E01006230,53.58263,-2.6486400000000003,1909894.7140000002,-1,17,20
1414,E01006233,53.57439,-2.64866,1031457.3840000001,-1,28,17
1415,E01006237,53.591409999999996,-2.64948,1416976.4540000001,-1,28,22
1416,E01006238,53.58691999999999,-2.6600200000000003,945844.0986,-1,54,53
1417,E01006259,53.56431,-2.6723,1893264.711,-1,20,41
1418,E01006312,53.57207,-2.68597,1144318.4579999999,-1,14,18
1419,E01006313,53.565509999999996,-2.6857,993949.184,-1,36,43
1420,E01006314,53.56938,-2.70228,1081222.274,-1,33,28
1421,E01006320,53.584109999999995,-2.69809,901703.9277,-1,8,35
1422,E01006321,53.57805,-2.7101,5969641.009,-1,9,8
1423,E01006231,53.579769999999996,-2.6070599999999997,1956195.235,-1,46,56
1424,E01006232,53.57345,-2.6267099999999997,1044529.67,-1,43,22
1425,E01006234,53.57224,-2.5775799999999998,1189234.271,-1,24,10
1426,E01006235,53.56758000000001,-2.59117,842007.7373,-1,32,36
1427,E01006253,53.56052,-2.6606799999999997,561056.0425,-1,46,52
1428,E01006254,53.565490000000004,-2.65889,618226.9053,-1,69,75
1429,E01006255,53.55831,-2.64492,665386.2915,-1,43,49
1430,E01006256,53.555690000000006,-2.6576,1151820.43,-1,78,86
1431,E01006260,53.563309999999994,-2.64602,1182838.136,-1,49,37
1432,E01006370,53.553169999999994,-2.62772,1243522.89,-1,192,261
1433,E01006372,53.567119999999996,-2.6353400000000002,830750.0715,-1,28,13
1434,E01006373,53.5603,-2.63577,535011.8547,-1,21,12
1435,E01006374,53.558659999999996,-2.63111,1217076.476,-1,125,91
1436,E01006390,53.55559,-2.61921,809243.7361,-1,49,40
1437,E01006236,53.559219999999996,-2.57897,668715.5966,-1,37,28
1438,E01006388,53.55665,-2.6003700000000003,7364443.051,-1,62,80
1439,E01006389,53.550230000000006,-2.61029,2267195.849,-1,34,41
1440,E01006391,53.55433000000001,-2.60754,932301.3777,-1,51,40
1441,E01006257,53.55443,-2.64649,3030478.305,-1,47,34
1442,E01006258,53.553340000000006,-2.65036,997316.7518,-1,24,49
1443,E01006369,53.547309999999996,-2.63657,573810.7579,-1,634,808
1444,E01006371,53.553169999999994,-2.64073,491806.3937,-1,34,37
1445,E01006375,53.552690000000005,-2.6343799999999997,1020066.306,-1,80,104
1446,E01006306,53.54382,-2.62253,493242.0872,-1,118,118
1447,E01006307,53.54468000000001,-2.61022,791432.1576,-1,64,72
1448,E01006386,53.54728000000001,-2.62324,1034922.1140000001,-1,227,297
1449,E01006387,53.551390000000005,-2.6198200000000003,1210338.2079999999,-1,56,78
1450,E01006392,53.54784,-2.6164,1288282.9340000001,-1,84,143
1451,E01006350,53.547340000000005,-2.6575599999999997,773629.8982,-1,103,184
1452,E01006351,53.53995,-2.6638599999999997,1764136.236,-1,116,121
1453,E01006357,53.54359,-2.6726900000000002,1124678.63,-1,135,146
1454,E01006360,53.550259999999994,-2.67585,1307593.85,-1,150,253
1455,E01006361,53.553619999999995,-2.66913,1077698.9109999998,-1,146,183
1456,E01006356,53.54475,-2.68035,845366.6687,-1,60,53
1457,E01006396,53.55226999999999,-2.69196,856909.8687,-1,23,37
1458,E01006397,53.54691,-2.6848400000000003,847928.1119,-1,28,17
1459,E01006398,53.54237,-2.68667,1260660.366,-1,50,47
1460,E01006399,53.53643,-2.69118,1698452.136,-1,33,17
1461,E01006305,53.544219999999996,-2.5951,418133.0153,-1,85,110
1462,E01006308,53.54196999999999,-2.59606,1654213.7680000002,-1,158,212
1463,E01006309,53.53886,-2.61354,918733.9663,-1,59,72
1464,E01006310,53.53086999999999,-2.62474,1967770.658,-1,86,116
1465,E01006311,53.54993,-2.59519,2477192.415,-1,82,96
1466,E01006269,53.531040000000004,-2.58459,2630584.742,-1,90,112
1467,E01006271,53.5439,-2.5754599999999996,459698.0336,-1,35,34
1468,E01006272,53.53601999999999,-2.5914099999999998,643766.3671,-1,105,99
1469,E01006273,53.54237,-2.5648299999999997,817807.5634,-1,50,49
1470,E01006276,53.52692,-2.57723,488783.03799999994,-1,83,68
1471,E01006353,53.535219999999995,-2.66208,709213.3647,-1,107,35
1472,E01006354,53.5366,-2.66912,2132542.869,-1,52,57
1473,E01006355,53.53278,-2.6684900000000003,2136146.864,-1,55,42
1474,E01006358,53.535059999999994,-2.68204,2219832.253,-1,137,118
1475,E01006359,53.53553,-2.67598,1435378.217,-1,74,114
1476,E01006349,53.54158,-2.64105,5419459.295,-1,199,382
1477,E01006352,53.5414,-2.65598,1062264.629,-1,133,220
1478,E01006404,53.53023,-2.65662,626858.2095,-1,60,97
1479,E01006405,53.533030000000004,-2.64111,1070422.812,-1,50,85
1480,E01006411,53.535309999999996,-2.64817,2020955.697,-1,107,123
1481,E01006270,53.53538,-2.5584,24820378.22,-1,74,66
1482,E01006274,53.53269,-2.57158,767384.194,-1,73,88
1483,E01006275,53.53527,-2.5671,1001435.1440000001,-1,103,90
1484,E01006277,53.52584,-2.568,764683.7769,-1,20,14
1485,E01006286,53.53082,-2.56172,918493.8097,-1,59,63
1486,E01006239,53.52839,-2.49649,1083036.363,-1,141,130
1487,E01006240,53.53323,-2.4932,1127627.998,-1,83,83
1488,E01006241,53.53329,-2.50581,732350.572,-1,133,125
1489,E01006287,53.531690000000005,-2.48005,796194.5132,-1,23,15
1490,E01006289,53.530390000000004,-2.4866,6619982.426,-1,184,227
1491,E01006362,53.54662,-2.70827,1010531.557,-1,41,24
1492,E01006363,53.54156999999999,-2.69992,1982721.846,-1,23,22
1493,E01006364,53.53023,-2.70421,2857689.374,-1,52,55
1494,E01006365,53.53451,-2.7134,1148598.0520000001,-1,29,68
1495,E01006366,53.519909999999996,-2.71999,1044891.531,-1,27,32
1496,E01006367,53.52036999999999,-2.7136299999999998,1808841.6930000002,-1,15,17
1497,E01006368,53.508109999999995,-2.6870700000000003,878378.7259999999,-1,18,29
1498,E01006278,53.52391,-2.5501,737618.8663,-1,54,56
1499,E01006279,53.52441999999999,-2.54114,641713.068,-1,32,22
1500,E01006280,53.524280000000005,-2.55884,786238.7708,-1,50,70
1501,E01006281,53.5221,-2.53186,1558254.8180000002,-1,34,34
1502,E01006285,53.530640000000005,-2.54926,1267698.469,-1,22,36
1503,E01006406,53.52766999999999,-2.6404099999999997,1381391.6930000002,-1,41,80
1504,E01006407,53.520630000000004,-2.63475,855604.0697,-1,26,11
1505,E01006408,53.52741999999999,-2.64971,827203.9717,-1,52,76
1506,E01006409,53.52215,-2.64847,668858.7983,-1,9,17
1507,E01006410,53.517430000000004,-2.64564,841527.335,-1,23,23
1508,E01006393,53.52029,-2.66684,889121.9041,-1,25,68
1509,E01006394,53.51879,-2.67747,2047965.544,-1,10,22
1510,E01006395,53.51379,-2.66568,652226.2434,-1,27,23
1511,E01006400,53.52664,-2.66495,1730924.875,-1,19,12
1512,E01006401,53.52409,-2.68737,2624094.77,-1,22,26
1513,E01006402,53.52564,-2.67162,2923613.892,-1,8,9
1514,E01006403,53.52157,-2.65721,891227.1064,-1,36,53
1515,E01006290,53.52757,-2.47574,681863.2523,-1,27,17
1516,E01006291,53.52571,-2.48507,898097.3979,-1,65,75
1517,E01006292,53.5207,-2.48184,13386263.35,-1,36,35
1518,E01006293,53.515330000000006,-2.4799700000000002,948122.7821,-1,97,141
1519,E01006242,53.525569999999995,-2.50679,1450196.939,-1,60,70
1520,E01006243,53.52058,-2.5158099999999997,813418.7933,-1,36,55
1521,E01006244,53.5186,-2.49315,1941329.241,-1,152,151
1522,E01006245,53.512,-2.5023400000000002,918532.8979,-1,77,89
1523,E01006213,53.52418,-2.59349,1921328.376,-1,137,263
1524,E01006215,53.512069999999994,-2.61301,33790171.59,-1,77,102
1525,E01006217,53.532619999999994,-2.60993,1253822.426,-1,88,79
1526,E01006218,53.52216,-2.60145,1250935.686,-1,96,150
1527,E01006219,53.51529,-2.60244,842495.6243,-1,39,54
1528,E01006288,53.525130000000004,-2.46328,574789.9661,-1,61,82
1529,E01006294,53.51501999999999,-2.4628099999999997,1340320.6509999998,-1,79,75
1530,E01006295,53.516630000000006,-2.46942,699859.8729,-1,101,155
1531,E01006377,53.5152,-2.45485,1162661.646,-1,22,16
1532,E01006378,53.51857,-2.44654,1010648.691,-1,14,23
1533,E01006212,53.51181999999999,-2.58501,900428.3461,-1,33,32
1534,E01006214,53.503519999999995,-2.59427,3583813.3239999996,-1,88,134
1535,E01006216,53.50431999999999,-2.58335,1980266.7780000002,-1,45,52
1536,E01006322,53.51416,-2.5512599999999996,1848578.862,-1,74,93
1537,E01006329,53.512069999999994,-2.56989,1636405.27,-1,147,143
1538,E01006282,53.51525,-2.53078,1009293.2990000001,-1,106,131
1539,E01006283,53.50569,-2.53073,852626.848,-1,171,447
1540,E01006284,53.51249,-2.53667,1014804.108,-1,76,61
1541,E01006336,53.51242,-2.5219400000000003,970829.2334,-1,115,132
1542,E01006337,53.50955,-2.51527,972524.8470000001,-1,44,51
1543,E01006376,53.502919999999996,-2.4655099999999996,5635593.025,-1,72,83
1544,E01006381,53.5097,-2.46795,24762242.48,-1,24,28
1545,E01006382,53.5103,-2.4502099999999998,9127487.943,-1,7,7
1546,E01006383,53.50554,-2.4590400000000003,1902872.563,-1,26,27
1547,E01006384,53.50666999999999,-2.44809,1823294.4119999998,-1,14,12
1548,E01006250,53.499559999999995,-2.4486,1271109.9340000001,-1,46,42
1549,E01006251,53.47994,-2.4624599999999996,1340581.3090000001,-1,36,25
1550,E01006379,53.51563,-2.4289400000000003,692198.5664,-1,45,68
1551,E01006380,53.51065,-2.43673,744585.2643,-1,76,91
1552,E01006385,53.504169999999995,-2.4515,2265992.27,-1,23,24
1553,E01006328,53.49655,-2.5236,470187.6326,-1,318,356
1554,E01006333,53.497319999999995,-2.51575,784988.4048,-1,365,562
1555,E01006334,53.502219999999994,-2.5217099999999997,977685.5939,-1,175,403
1556,E01006338,53.505269999999996,-2.51915,2430404.733,-1,79,61
1557,E01006248,53.5054,-2.48298,3860961.962,-1,219,259
1558,E01006249,53.49785,-2.4826799999999998,20240074.44,-1,57,67
1559,E01006330,53.50257,-2.51043,894713.5999,-1,26,19
1560,E01006331,53.5011,-2.49973,2687903.409,-1,15,22
1561,E01006332,53.496069999999996,-2.50802,861812.1742,-1,75,68
1562,E01006262,53.50815,-2.64483,827753.9336,-1,77,71
1563,E01006263,53.496,-2.63523,463322.6595,-1,20,17
1564,E01006266,53.50164,-2.65618,4033554.417,-1,15,19
1565,E01006267,53.49835,-2.65062,4265394.901000001,-1,46,50
1566,E01006268,53.49881,-2.64187,1419341.782,-1,69,67
1567,E01006323,53.50371,-2.54218,3538632.729,-1,62,95
1568,E01006324,53.49913000000001,-2.53493,2625775.679,-1,91,130
1569,E01006325,53.49411,-2.5406400000000002,1067467.628,-1,77,107
1570,E01006326,53.49811,-2.52753,2641971.865,-1,56,78
1571,E01006327,53.49898,-2.56217,627276.1227,-1,90,99
1572,E01006246,53.49146,-2.47963,12081914.78,-1,61,100
1573,E01006247,53.485319999999994,-2.49693,628491.9896,-1,38,39
1574,E01006252,53.49612,-2.49649,860782.0558,-1,47,53
1575,E01006297,53.48466,-2.5074099999999997,2227885.875,-1,78,76
1576,E01006335,53.49331,-2.50196,1966200.4209999999,-1,78,96
1577,E01006220,53.49686,-2.6056,1762971.894,-1,44,53
1578,E01006221,53.492869999999996,-2.6309299999999998,3721341.441,-1,32,48
1579,E01006222,53.493430000000004,-2.61856,553785.6372,-1,14,15
1580,E01006224,53.487790000000004,-2.62336,2199209.924,-1,9,13
1581,E01006226,53.483369999999994,-2.62657,984486.845,-1,39,45
1582,E01006223,53.48794,-2.63485,891700.3113,-1,112,166
1583,E01006225,53.4834,-2.6431299999999998,12579622.06,-1,34,42
1584,E01006261,53.493930000000006,-2.64998,828745.8885,-1,38,48
1585,E01006264,53.48993000000001,-2.65165,636222.114,-1,10,26
1586,E01006265,53.4887,-2.6438,1100733.098,-1,43,53
1587,E01006296,53.48976,-2.5133400000000004,775991.3553,-1,100,126
1588,E01006298,53.492,-2.52244,1039603.225,-1,73,93
1589,E01006299,53.48924,-2.53323,1233443.142,-1,37,80
1590,E01006300,53.48498000000001,-2.52104,640242.0908,-1,4,6
1591,E01006301,53.478269999999995,-2.52601,758119.9695,-1,11,3
1592,E01006227,53.48052,-2.60665,1732302.267,-1,26,64
1593,E01006228,53.48372,-2.59827,2836880.265,-1,82,72
1594,E01006342,53.4759,-2.59152,794867.7678,-1,56,83
1595,E01006344,53.475730000000006,-2.5855799999999998,837609.9883,-1,49,45
1596,E01006346,53.473,-2.60117,2034773.37,-1,68,90
1597,E01006339,53.4797,-2.5728299999999997,2792032.208,-1,10,14
1598,E01006340,53.48698,-2.57934,1167241.562,-1,54,73
1599,E01006343,53.4756,-2.57007,652494.1177,-1,17,7
1600,E01006345,53.473459999999996,-2.57704,1116296.138,-1,17,20
1601,E01006348,53.46236,-2.5887700000000002,647815.0861,-1,95,60
1602,E01006302,53.47586999999999,-2.54672,2006971.875,-1,50,41
1603,E01006303,53.48417,-2.5500599999999998,513859.2451,-1,24,37
1604,E01006304,53.465819999999994,-2.55985,685246.7002,-1,25,17
1605,E01006341,53.47537,-2.56189,882971.9709,-1,30,60
1606,E01006347,53.47011,-2.57081,927726.0167,-1,23,10
1607,E01004784,53.59709,-2.38687,513626.2504,-1,17,3
1608,E01004965,53.613040000000005,-2.31094,270466.3992,-1,14,18
1609,E01005357,53.59156,-2.10367,1445978.622,-1,23,7
1610,E01025358,53.657059999999994,-2.27946,1212055.817,-1,2,7
1611,E01005787,53.36881999999999,-2.20015,1496746.735,-1,10,17
1612,E01005995,53.4918,-2.12593,643431.1094,-1,23,21
1613,E01006122,53.46111,-2.37757,5599178.377,-1,13,11
1614,E01006098,53.41445,-2.31379,1048178.065,-1,24,7
1615,E01012472,53.44234,-2.5583400000000003,812000.0037,-1,0,2
1616,E01006318,53.57816,-2.68702,670738.2887,-1,18,11
1617,E01018648,53.334959999999995,-2.39391,791169.4612,-1,3,3
1618,E01025375,53.64906,-2.17076,6279134.9,-1,1,1
1619,E01006859,53.45225,-2.59955,711656.2,-1,1,1
1620,E01010886,53.686569999999996,-2.09131,2532424.4869999997,-1,0,0
1621,E01006805,53.49661999999999,-2.67001,1174691.863,-1,1,0
1622,E01019730,53.462959999999995,-1.97652,1215397.712,-1,1,0
1623,E01010955,53.65335,-1.9904099999999998,5957823.017999999,-1,1,1
1624,E01012518,53.379430000000006,-2.4456,630336.7058,-1,0,2
1625,E01018593,53.34675,-2.1998599999999997,417885.5229,-1,0,1
1626,E01018592,53.35539,-2.2225099999999998,833561.087,-1,1,0
1627,E01025357,53.66369,-2.31675,13557018.77,-1,0,0
1628,E01012554,53.41494,-2.47743,7023194.445,-1,0,0
